Label,ImageId
continuous,continuous
,class
6.0,15274.0
9.0,23603.0
7.0,12325.0
0.0,1812.0
1.0,10403.0
7.0,17474.0
5.0,464.0
4.0,13524.0
7.0,20796.0
3.0,24096.0
6.0,11660.0
9.0,11374.0
8.0,12637.0
2.0,7026.0
0.0,1735.0
8.0,6638.0
7.0,8989.0
1.0,6793.0
3.0,13626.0
3.0,2491.0
7.0,14651.0
8.0,20678.0
2.0,11556.0
8.0,27489.0
5.0,11472.0
5.0,2424.0
6.0,11250.0
1.0,15115.0
6.0,26004.0
3.0,25808.0
5.0,11406.0
2.0,4198.0
1.0,21157.0
5.0,15509.0
9.0,21631.0
5.0,6217.0
5.0,13759.0
7.0,25752.0
3.0,22918.0
2.0,18588.0
2.0,20713.0
1.0,10959.0
0.0,8693.0
0.0,2466.0
1.0,10582.0
6.0,16524.0
8.0,21907.0
0.0,6494.0
1.0,7287.0
5.0,17211.0
4.0,22902.0
8.0,24495.0
3.0,4289.0
7.0,27806.0
9.0,15233.0
5.0,21266.0
9.0,9765.0
5.0,22643.0
6.0,20949.0
7.0,12997.0
0.0,2658.0
1.0,14930.0
6.0,12411.0
4.0,19163.0
1.0,7676.0
9.0,9906.0
1.0,24457.0
3.0,22261.0
1.0,13325.0
9.0,6185.0
6.0,6141.0
4.0,3364.0
8.0,1070.0
1.0,12598.0
7.0,16706.0
1.0,6585.0
8.0,23739.0
8.0,9884.0
7.0,6656.0
6.0,9019.0
1.0,21965.0
1.0,17221.0
4.0,18147.0
7.0,16675.0
2.0,5499.0
8.0,27924.0
2.0,17123.0
9.0,12322.0
5.0,15615.0
0.0,22781.0
5.0,1463.0
9.0,9401.0
7.0,15128.0
2.0,13709.0
9.0,18980.0
8.0,8247.0
1.0,20727.0
8.0,1582.0
9.0,20342.0
5.0,10819.0
2.0,17655.0
8.0,9832.0
2.0,7621.0
4.0,22967.0
5.0,4106.0
7.0,17451.0
2.0,12319.0
7.0,16442.0
9.0,26143.0
6.0,27297.0
6.0,20858.0
3.0,25181.0
2.0,22190.0
9.0,16256.0
8.0,17224.0
5.0,21090.0
3.0,7753.0
3.0,20672.0
1.0,18870.0
8.0,15162.0
0.0,18246.0
6.0,188.0
6.0,15405.0
8.0,19001.0
5.0,15876.0
4.0,17218.0
4.0,26013.0
1.0,4636.0
1.0,4277.0
7.0,22785.0
5.0,23314.0
1.0,20910.0
1.0,21785.0
8.0,12419.0
4.0,22494.0
2.0,6973.0
6.0,7594.0
7.0,21476.0
0.0,7603.0
4.0,26215.0
1.0,19502.0
6.0,22385.0
0.0,25371.0
3.0,14748.0
1.0,7797.0
0.0,7007.0
9.0,14130.0
3.0,4594.0
3.0,8273.0
4.0,6761.0
5.0,20491.0
1.0,24024.0
6.0,7039.0
0.0,13103.0
7.0,13641.0
5.0,11685.0
8.0,6953.0
0.0,692.0
7.0,3399.0
7.0,2956.0
9.0,5408.0
9.0,688.0
1.0,22212.0
9.0,18173.0
9.0,11623.0
6.0,23802.0
5.0,1322.0
5.0,24179.0
5.0,12328.0
6.0,16426.0
7.0,25247.0
2.0,17028.0
2.0,23347.0
8.0,4851.0
9.0,13414.0
9.0,7673.0
4.0,1399.0
2.0,13337.0
9.0,17599.0
6.0,26687.0
2.0,4544.0
4.0,21461.0
3.0,17604.0
4.0,8237.0
2.0,13528.0
1.0,25718.0
3.0,23639.0
4.0,21034.0
1.0,69.0
4.0,18203.0
6.0,26407.0
1.0,19775.0
7.0,2549.0
9.0,17817.0
5.0,25628.0
7.0,4514.0
4.0,22970.0
9.0,2626.0
0.0,10334.0
6.0,14066.0
6.0,21853.0
2.0,23307.0
6.0,26324.0
8.0,10058.0
9.0,9066.0
1.0,2406.0
2.0,22480.0
1.0,12646.0
1.0,2200.0
4.0,21660.0
6.0,7586.0
1.0,19349.0
1.0,23312.0
0.0,975.0
1.0,2625.0
1.0,25679.0
9.0,21337.0
2.0,11331.0
4.0,8346.0
2.0,10295.0
1.0,18583.0
1.0,24774.0
1.0,8573.0
9.0,2923.0
6.0,12621.0
2.0,14641.0
8.0,5429.0
0.0,20958.0
0.0,9569.0
8.0,22576.0
4.0,904.0
2.0,5965.0
5.0,6958.0
9.0,27651.0
1.0,6308.0
7.0,6681.0
5.0,7106.0
3.0,24200.0
9.0,22350.0
0.0,26803.0
5.0,16125.0
9.0,24015.0
0.0,20341.0
7.0,12856.0
4.0,19116.0
3.0,22655.0
1.0,1269.0
3.0,788.0
2.0,12758.0
2.0,26414.0
5.0,9968.0
6.0,7359.0
1.0,12399.0
4.0,12241.0
3.0,16240.0
6.0,13861.0
2.0,14961.0
1.0,5672.0
2.0,19803.0
0.0,20461.0
3.0,24038.0
4.0,20046.0
5.0,2260.0
5.0,18399.0
2.0,3903.0
2.0,8949.0
2.0,27900.0
1.0,12402.0
3.0,14403.0
5.0,17711.0
6.0,8365.0
8.0,339.0
7.0,7630.0
8.0,16970.0
4.0,13550.0
8.0,14623.0
3.0,25676.0
1.0,26080.0
9.0,13139.0
2.0,12131.0
9.0,26740.0
6.0,13568.0
0.0,26557.0
9.0,1967.0
2.0,11044.0
2.0,24557.0
8.0,15376.0
4.0,14565.0
7.0,12648.0
0.0,9299.0
9.0,27329.0
1.0,12727.0
1.0,8881.0
5.0,15847.0
4.0,22556.0
1.0,12875.0
3.0,14529.0
6.0,24436.0
6.0,14700.0
1.0,23789.0
3.0,8316.0
8.0,10525.0
5.0,3907.0
3.0,12029.0
8.0,682.0
4.0,3672.0
4.0,894.0
5.0,15957.0
6.0,25377.0
5.0,3212.0
5.0,16644.0
6.0,2184.0
0.0,6285.0
9.0,24134.0
0.0,21401.0
5.0,9421.0
5.0,6315.0
9.0,22508.0
9.0,19060.0
0.0,6056.0
0.0,25446.0
0.0,7316.0
0.0,12739.0
9.0,19289.0
1.0,18522.0
0.0,6059.0
0.0,26566.0
3.0,24034.0
7.0,16550.0
8.0,1775.0
2.0,14412.0
7.0,24707.0
0.0,21624.0
6.0,5639.0
6.0,25257.0
9.0,26541.0
1.0,17505.0
4.0,23264.0
2.0,4633.0
5.0,16730.0
2.0,26183.0
3.0,21407.0
9.0,4030.0
2.0,11311.0
2.0,9161.0
1.0,15148.0
0.0,16763.0
7.0,6009.0
8.0,27979.0
1.0,20896.0
8.0,23728.0
3.0,27728.0
0.0,16950.0
5.0,4565.0
0.0,5929.0
3.0,15771.0
7.0,10339.0
1.0,16533.0
7.0,17342.0
9.0,6961.0
1.0,19557.0
9.0,10979.0
9.0,945.0
6.0,11155.0
2.0,15074.0
1.0,16230.0
7.0,23761.0
8.0,11145.0
2.0,15502.0
1.0,23655.0
1.0,648.0
1.0,22216.0
5.0,5664.0
4.0,8087.0
1.0,23920.0
7.0,8197.0
5.0,6071.0
3.0,7215.0
0.0,2963.0
2.0,26188.0
4.0,6017.0
7.0,23167.0
6.0,21419.0
1.0,1959.0
2.0,21196.0
0.0,21171.0
4.0,192.0
9.0,22761.0
1.0,26052.0
1.0,10629.0
7.0,24692.0
1.0,19203.0
2.0,24998.0
6.0,20214.0
4.0,26688.0
2.0,6257.0
6.0,13339.0
1.0,27926.0
1.0,24438.0
1.0,18738.0
8.0,8789.0
1.0,6593.0
6.0,17673.0
8.0,23110.0
9.0,14928.0
0.0,16076.0
0.0,878.0
1.0,18013.0
7.0,4491.0
2.0,12254.0
7.0,2926.0
4.0,27966.0
3.0,18408.0
2.0,16228.0
8.0,14439.0
8.0,14386.0
9.0,5824.0
6.0,26084.0
6.0,13076.0
6.0,1207.0
5.0,15565.0
7.0,25938.0
2.0,11526.0
0.0,21223.0
4.0,8143.0
4.0,4159.0
0.0,10751.0
9.0,26591.0
0.0,22334.0
2.0,18637.0
3.0,12177.0
0.0,3936.0
7.0,5842.0
3.0,27530.0
9.0,2966.0
2.0,19941.0
6.0,3589.0
4.0,3637.0
5.0,1294.0
4.0,26485.0
5.0,13262.0
6.0,11778.0
8.0,7595.0
5.0,24479.0
6.0,12979.0
6.0,26543.0
1.0,22652.0
6.0,6733.0
6.0,9231.0
0.0,19063.0
9.0,21092.0
2.0,14344.0
1.0,1769.0
6.0,16383.0
9.0,16905.0
6.0,13503.0
8.0,19402.0
0.0,23508.0
3.0,477.0
7.0,4294.0
8.0,8128.0
0.0,16496.0
2.0,4582.0
9.0,2333.0
0.0,20482.0
7.0,20412.0
2.0,5265.0
4.0,23053.0
6.0,20519.0
3.0,4141.0
1.0,20241.0
5.0,26983.0
5.0,14984.0
1.0,5487.0
3.0,16517.0
9.0,15928.0
8.0,12686.0
6.0,2808.0
7.0,18802.0
8.0,27222.0
7.0,5862.0
1.0,25434.0
1.0,16210.0
1.0,10342.0
7.0,9049.0
4.0,15711.0
2.0,8497.0
3.0,13782.0
3.0,24761.0
2.0,22197.0
4.0,23930.0
3.0,4559.0
1.0,22866.0
3.0,26651.0
6.0,23141.0
2.0,4089.0
6.0,24420.0
3.0,25047.0
1.0,3021.0
2.0,15717.0
7.0,7872.0
6.0,25548.0
7.0,26086.0
0.0,3046.0
8.0,9489.0
3.0,333.0
7.0,19747.0
8.0,23790.0
9.0,23478.0
9.0,17536.0
4.0,8369.0
0.0,13884.0
0.0,15012.0
4.0,17717.0
8.0,25919.0
1.0,19550.0
9.0,21462.0
3.0,26600.0
0.0,13156.0
6.0,19750.0
4.0,4239.0
2.0,9609.0
8.0,16226.0
3.0,7722.0
9.0,5333.0
6.0,22063.0
9.0,27046.0
7.0,22718.0
5.0,5226.0
6.0,21621.0
0.0,8436.0
6.0,23155.0
5.0,25869.0
7.0,8013.0
7.0,16813.0
1.0,27532.0
7.0,19981.0
7.0,13305.0
8.0,17174.0
4.0,16428.0
6.0,12359.0
8.0,7361.0
6.0,12608.0
1.0,22461.0
1.0,4499.0
3.0,5359.0
1.0,8293.0
9.0,18987.0
1.0,883.0
7.0,11174.0
5.0,17105.0
1.0,14707.0
4.0,26029.0
2.0,21113.0
1.0,9330.0
6.0,19811.0
3.0,5572.0
3.0,10984.0
3.0,27515.0
1.0,19200.0
4.0,7228.0
9.0,6534.0
8.0,15094.0
0.0,8483.0
7.0,18108.0
8.0,24563.0
9.0,13238.0
9.0,3584.0
9.0,5865.0
5.0,5964.0
6.0,3326.0
7.0,6837.0
3.0,21674.0
5.0,8216.0
3.0,24031.0
0.0,7816.0
6.0,23906.0
8.0,10699.0
4.0,12417.0
1.0,413.0
6.0,25170.0
0.0,21937.0
5.0,15062.0
1.0,1726.0
4.0,19174.0
6.0,16003.0
9.0,10135.0
7.0,7242.0
8.0,20293.0
5.0,1953.0
7.0,8817.0
8.0,17602.0
6.0,15372.0
3.0,20838.0
0.0,24394.0
1.0,11108.0
0.0,4800.0
7.0,8629.0
8.0,7125.0
9.0,26498.0
9.0,14940.0
9.0,6564.0
3.0,16956.0
7.0,10990.0
8.0,12538.0
4.0,5806.0
6.0,23236.0
9.0,6927.0
9.0,11972.0
9.0,10233.0
1.0,27394.0
9.0,14489.0
2.0,4292.0
1.0,25778.0
8.0,11276.0
0.0,8725.0
5.0,9082.0
1.0,12015.0
7.0,26468.0
6.0,3659.0
8.0,26193.0
1.0,10050.0
0.0,2892.0
0.0,13755.0
4.0,5583.0
6.0,8882.0
2.0,10225.0
9.0,24503.0
2.0,13478.0
1.0,7313.0
6.0,27133.0
4.0,6898.0
5.0,23683.0
3.0,14603.0
4.0,11979.0
5.0,7632.0
1.0,1877.0
8.0,13003.0
6.0,18579.0
8.0,18520.0
1.0,6019.0
6.0,10145.0
4.0,27834.0
6.0,26667.0
9.0,20614.0
8.0,26578.0
1.0,5796.0
8.0,19395.0
4.0,6670.0
9.0,449.0
7.0,7403.0
9.0,3431.0
6.0,16736.0
9.0,2706.0
6.0,15671.0
1.0,1040.0
5.0,26107.0
9.0,22517.0
9.0,17475.0
0.0,13461.0
8.0,4601.0
2.0,3076.0
5.0,17533.0
1.0,17978.0
7.0,18109.0
2.0,5748.0
8.0,10152.0
4.0,486.0
7.0,27295.0
3.0,2152.0
2.0,8995.0
8.0,4674.0
6.0,14356.0
1.0,6411.0
3.0,4912.0
0.0,25382.0
5.0,15983.0
9.0,17837.0
3.0,7702.0
6.0,10322.0
3.0,18307.0
2.0,26845.0
6.0,1632.0
9.0,27232.0
4.0,18296.0
9.0,27470.0
9.0,18782.0
4.0,7427.0
7.0,4461.0
4.0,23305.0
3.0,16974.0
6.0,17996.0
7.0,9999.0
6.0,27512.0
4.0,22934.0
4.0,4901.0
6.0,3885.0
0.0,27953.0
2.0,14964.0
3.0,12110.0
9.0,5588.0
6.0,27899.0
2.0,1167.0
6.0,21116.0
6.0,19171.0
8.0,26209.0
7.0,12294.0
6.0,10888.0
9.0,15217.0
9.0,20227.0
7.0,22954.0
5.0,7371.0
2.0,18484.0
1.0,14578.0
1.0,5007.0
4.0,13601.0
9.0,6595.0
5.0,1691.0
9.0,3029.0
8.0,17401.0
7.0,19354.0
7.0,5936.0
9.0,172.0
1.0,13489.0
1.0,14574.0
5.0,22348.0
2.0,12988.0
6.0,23623.0
4.0,8444.0
0.0,10817.0
7.0,10193.0
9.0,9287.0
0.0,6043.0
3.0,16202.0
4.0,13878.0
1.0,1814.0
9.0,21495.0
5.0,24042.0
4.0,3275.0
5.0,11409.0
0.0,22446.0
7.0,11924.0
7.0,11609.0
3.0,3623.0
9.0,6240.0
3.0,2369.0
5.0,18168.0
9.0,14004.0
9.0,4217.0
1.0,780.0
6.0,15919.0
1.0,4323.0
3.0,9372.0
3.0,13227.0
9.0,26330.0
4.0,3983.0
3.0,12650.0
6.0,23783.0
7.0,6673.0
7.0,10232.0
0.0,13541.0
4.0,13298.0
7.0,21909.0
6.0,21554.0
1.0,10752.0
9.0,17936.0
3.0,24014.0
0.0,935.0
2.0,2904.0
1.0,17073.0
3.0,7488.0
9.0,18333.0
3.0,14323.0
8.0,18735.0
9.0,22152.0
6.0,5203.0
9.0,20126.0
1.0,27157.0
3.0,24915.0
7.0,17222.0
1.0,4740.0
1.0,8487.0
4.0,25698.0
0.0,23306.0
3.0,14967.0
8.0,25598.0
9.0,13818.0
9.0,20516.0
6.0,8289.0
1.0,6008.0
7.0,1072.0
0.0,8106.0
2.0,11460.0
3.0,12074.0
4.0,14921.0
2.0,2557.0
0.0,23299.0
1.0,27849.0
7.0,19311.0
1.0,24290.0
4.0,17315.0
5.0,17191.0
1.0,14278.0
3.0,27847.0
2.0,18269.0
4.0,6558.0
5.0,23608.0
5.0,10706.0
9.0,26044.0
5.0,17187.0
1.0,5509.0
5.0,21277.0
9.0,11486.0
0.0,21800.0
5.0,6755.0
3.0,14285.0
0.0,26826.0
2.0,10568.0
6.0,21733.0
1.0,13941.0
5.0,25402.0
6.0,16282.0
4.0,23806.0
1.0,27978.0
4.0,14388.0
1.0,200.0
1.0,21015.0
5.0,1473.0
7.0,5876.0
3.0,22224.0
7.0,6162.0
7.0,8690.0
6.0,8174.0
9.0,16969.0
1.0,19534.0
9.0,23224.0
8.0,11440.0
1.0,446.0
3.0,2901.0
1.0,1302.0
0.0,3581.0
5.0,6661.0
1.0,9806.0
7.0,12617.0
4.0,12455.0
0.0,18622.0
7.0,10420.0
6.0,11267.0
7.0,16268.0
1.0,20194.0
1.0,2308.0
3.0,2639.0
3.0,9849.0
4.0,6342.0
0.0,1699.0
4.0,8564.0
0.0,3246.0
5.0,5362.0
9.0,7976.0
8.0,3311.0
9.0,13855.0
9.0,400.0
1.0,738.0
4.0,3876.0
1.0,18669.0
7.0,17420.0
6.0,26855.0
0.0,11874.0
0.0,18415.0
3.0,2445.0
8.0,13657.0
4.0,27692.0
4.0,10885.0
7.0,20009.0
1.0,17176.0
1.0,14882.0
0.0,15022.0
1.0,3266.0
2.0,19448.0
1.0,21486.0
8.0,10448.0
9.0,9311.0
2.0,19868.0
0.0,14165.0
8.0,10848.0
7.0,7584.0
2.0,25581.0
1.0,21259.0
4.0,24021.0
3.0,26457.0
9.0,14915.0
6.0,17682.0
1.0,15060.0
9.0,15024.0
6.0,22359.0
5.0,2815.0
1.0,17304.0
1.0,14481.0
1.0,581.0
3.0,1640.0
5.0,18611.0
3.0,21770.0
0.0,23284.0
2.0,9300.0
7.0,11820.0
0.0,3648.0
2.0,22551.0
2.0,15926.0
0.0,25757.0
4.0,2321.0
8.0,8547.0
3.0,22819.0
8.0,18720.0
5.0,14413.0
0.0,20583.0
9.0,12416.0
0.0,11954.0
4.0,7109.0
7.0,22489.0
4.0,6568.0
7.0,3330.0
9.0,8939.0
9.0,10723.0
2.0,17891.0
1.0,27385.0
2.0,19195.0
3.0,7317.0
5.0,23875.0
0.0,9868.0
1.0,23788.0
9.0,15665.0
6.0,11461.0
9.0,11991.0
4.0,23207.0
7.0,15503.0
4.0,17768.0
4.0,10434.0
8.0,27166.0
0.0,16725.0
2.0,23965.0
4.0,22062.0
8.0,1403.0
9.0,21593.0
7.0,12362.0
8.0,5129.0
7.0,24280.0
4.0,2189.0
3.0,3166.0
4.0,13261.0
7.0,7021.0
7.0,8161.0
3.0,661.0
6.0,9773.0
3.0,4166.0
1.0,19450.0
6.0,21860.0
8.0,14491.0
0.0,3264.0
5.0,17624.0
7.0,2908.0
6.0,21247.0
1.0,2818.0
7.0,9834.0
4.0,9359.0
3.0,13041.0
2.0,8533.0
2.0,3696.0
1.0,13520.0
7.0,13955.0
3.0,6876.0
4.0,18725.0
7.0,2610.0
3.0,15275.0
7.0,26815.0
3.0,21143.0
7.0,4181.0
9.0,19391.0
9.0,23544.0
9.0,3554.0
8.0,10809.0
0.0,20265.0
4.0,8887.0
5.0,4670.0
3.0,16348.0
6.0,24660.0
4.0,4823.0
1.0,25565.0
9.0,24329.0
0.0,4355.0
2.0,26868.0
2.0,7927.0
3.0,14000.0
1.0,3368.0
8.0,7219.0
2.0,7344.0
1.0,1113.0
9.0,26265.0
1.0,25558.0
4.0,3626.0
1.0,11619.0
1.0,19916.0
0.0,1844.0
4.0,17835.0
9.0,14465.0
4.0,26920.0
0.0,3269.0
2.0,2638.0
3.0,7265.0
1.0,24076.0
0.0,10506.0
0.0,18473.0
1.0,19715.0
1.0,6073.0
5.0,4783.0
7.0,4032.0
6.0,7814.0
7.0,9918.0
5.0,17797.0
3.0,26237.0
9.0,14634.0
4.0,9426.0
5.0,14037.0
1.0,15682.0
5.0,13326.0
4.0,23606.0
2.0,21498.0
4.0,10072.0
5.0,23120.0
5.0,26604.0
9.0,16786.0
9.0,6752.0
2.0,16229.0
9.0,25109.0
7.0,4564.0
1.0,886.0
6.0,1512.0
0.0,2854.0
0.0,12409.0
6.0,10318.0
6.0,26133.0
5.0,26929.0
7.0,20572.0
1.0,3356.0
4.0,10124.0
6.0,304.0
3.0,25016.0
0.0,15555.0
9.0,25967.0
9.0,10853.0
6.0,2373.0
4.0,2204.0
3.0,6284.0
8.0,25907.0
7.0,16404.0
1.0,22142.0
5.0,3321.0
8.0,3800.0
8.0,12785.0
6.0,17735.0
3.0,17464.0
9.0,19165.0
2.0,16957.0
0.0,27920.0
1.0,7763.0
1.0,25224.0
0.0,11318.0
5.0,15673.0
4.0,10745.0
1.0,11497.0
2.0,25330.0
7.0,27541.0
5.0,7767.0
4.0,8607.0
4.0,16485.0
7.0,15816.0
7.0,21061.0
3.0,7448.0
4.0,9108.0
3.0,9541.0
0.0,15956.0
9.0,4797.0
5.0,6588.0
1.0,17719.0
4.0,22014.0
4.0,12491.0
0.0,2509.0
2.0,5346.0
2.0,25807.0
6.0,9580.0
0.0,20021.0
7.0,20328.0
5.0,22715.0
3.0,6874.0
6.0,9612.0
9.0,26222.0
5.0,15657.0
4.0,8787.0
3.0,21560.0
8.0,22958.0
1.0,18099.0
7.0,5646.0
7.0,19205.0
8.0,24786.0
0.0,23295.0
1.0,16818.0
1.0,8240.0
6.0,27381.0
6.0,3536.0
8.0,24776.0
6.0,13649.0
6.0,5093.0
8.0,19452.0
7.0,10018.0
6.0,24440.0
4.0,25267.0
6.0,15606.0
9.0,14442.0
0.0,9577.0
6.0,18001.0
3.0,20300.0
7.0,6357.0
1.0,14469.0
1.0,18844.0
6.0,2110.0
9.0,9070.0
9.0,11575.0
5.0,23142.0
3.0,25881.0
2.0,7020.0
9.0,3804.0
6.0,9915.0
6.0,25864.0
6.0,21645.0
6.0,15051.0
0.0,12918.0
1.0,8307.0
0.0,21855.0
1.0,25624.0
9.0,26288.0
2.0,10883.0
8.0,9010.0
4.0,23246.0
6.0,17107.0
5.0,23539.0
9.0,14907.0
6.0,15443.0
1.0,23702.0
8.0,16981.0
7.0,23086.0
6.0,3585.0
6.0,26524.0
5.0,22022.0
9.0,24170.0
4.0,13824.0
3.0,26913.0
3.0,10149.0
4.0,22823.0
8.0,6806.0
0.0,13018.0
1.0,13705.0
7.0,23542.0
5.0,18272.0
1.0,5379.0
8.0,10433.0
3.0,16936.0
8.0,20978.0
8.0,4297.0
2.0,20108.0
2.0,4157.0
4.0,8443.0
5.0,19891.0
0.0,4819.0
8.0,25068.0
5.0,13052.0
2.0,7924.0
3.0,3771.0
5.0,13168.0
9.0,9735.0
9.0,10078.0
7.0,7537.0
1.0,18573.0
1.0,25404.0
2.0,6899.0
3.0,8828.0
5.0,22628.0
1.0,23813.0
6.0,23494.0
6.0,26499.0
5.0,12227.0
1.0,11943.0
2.0,17364.0
8.0,21253.0
0.0,24852.0
2.0,9449.0
8.0,5143.0
3.0,8821.0
9.0,12883.0
6.0,17168.0
1.0,18667.0
9.0,16885.0
8.0,12851.0
7.0,13333.0
9.0,17050.0
7.0,27990.0
3.0,957.0
7.0,2111.0
5.0,24910.0
2.0,7746.0
1.0,15131.0
4.0,14800.0
4.0,12370.0
0.0,13187.0
9.0,11269.0
2.0,5984.0
8.0,1504.0
0.0,3232.0
1.0,20509.0
2.0,1925.0
1.0,20605.0
8.0,15246.0
8.0,504.0
1.0,22753.0
2.0,24187.0
7.0,10909.0
7.0,3183.0
7.0,127.0
4.0,5884.0
3.0,12452.0
9.0,5633.0
7.0,12198.0
3.0,12779.0
6.0,677.0
1.0,9646.0
8.0,5546.0
0.0,20378.0
6.0,22244.0
6.0,3290.0
0.0,14338.0
6.0,1250.0
1.0,24531.0
2.0,22108.0
3.0,7494.0
9.0,14140.0
5.0,15929.0
1.0,19522.0
8.0,14220.0
2.0,14463.0
4.0,20540.0
1.0,27446.0
4.0,20421.0
7.0,21424.0
6.0,18084.0
3.0,6383.0
1.0,5515.0
6.0,13805.0
9.0,17045.0
9.0,4428.0
7.0,5462.0
8.0,2443.0
9.0,4592.0
0.0,9283.0
0.0,618.0
6.0,1628.0
1.0,8500.0
3.0,27980.0
6.0,6292.0
7.0,20929.0
4.0,22222.0
2.0,12215.0
3.0,23430.0
8.0,7423.0
3.0,24823.0
4.0,27322.0
3.0,5299.0
2.0,21220.0
5.0,3273.0
9.0,16417.0
2.0,19616.0
4.0,9722.0
8.0,24330.0
3.0,3314.0
2.0,13988.0
1.0,6643.0
6.0,16334.0
4.0,23252.0
9.0,21943.0
9.0,27944.0
3.0,14394.0
1.0,1413.0
0.0,9660.0
5.0,7850.0
4.0,8481.0
3.0,3095.0
1.0,21970.0
8.0,3474.0
4.0,18634.0
4.0,25490.0
7.0,25478.0
6.0,21318.0
1.0,10925.0
1.0,6201.0
3.0,10640.0
9.0,11389.0
0.0,10650.0
7.0,5521.0
6.0,5745.0
1.0,25060.0
8.0,7000.0
6.0,17989.0
8.0,20420.0
1.0,7440.0
7.0,13316.0
4.0,27833.0
0.0,11785.0
6.0,11667.0
0.0,19659.0
9.0,3141.0
1.0,26961.0
3.0,21958.0
7.0,17754.0
7.0,15666.0
1.0,14857.0
8.0,20640.0
2.0,8136.0
7.0,20829.0
6.0,27681.0
7.0,14899.0
1.0,14512.0
1.0,4584.0
7.0,10602.0
8.0,12444.0
8.0,19887.0
9.0,7058.0
7.0,5710.0
1.0,18016.0
4.0,2569.0
8.0,4108.0
1.0,19296.0
9.0,20337.0
6.0,25846.0
3.0,13783.0
0.0,19637.0
1.0,19836.0
7.0,3793.0
3.0,27830.0
1.0,9874.0
4.0,5942.0
1.0,801.0
2.0,358.0
6.0,6165.0
3.0,3239.0
9.0,5291.0
6.0,21929.0
2.0,25729.0
4.0,4291.0
1.0,15151.0
9.0,4757.0
8.0,8022.0
5.0,20131.0
4.0,19408.0
2.0,2511.0
0.0,10009.0
9.0,26648.0
4.0,6277.0
8.0,22746.0
9.0,14409.0
4.0,14009.0
6.0,13871.0
1.0,12174.0
5.0,6573.0
1.0,24870.0
6.0,19989.0
3.0,23598.0
8.0,20933.0
4.0,10226.0
9.0,11546.0
1.0,11829.0
3.0,12904.0
2.0,19633.0
9.0,5358.0
9.0,14820.0
8.0,8734.0
0.0,25400.0
6.0,14070.0
2.0,19445.0
5.0,27259.0
9.0,8805.0
5.0,5520.0
1.0,20472.0
8.0,16406.0
0.0,345.0
5.0,18639.0
8.0,6349.0
8.0,27693.0
3.0,10134.0
8.0,2358.0
5.0,24373.0
1.0,18859.0
8.0,17437.0
1.0,24504.0
9.0,18885.0
7.0,27757.0
0.0,10899.0
6.0,23795.0
1.0,13735.0
6.0,7141.0
5.0,5102.0
4.0,20029.0
3.0,24377.0
9.0,453.0
2.0,12692.0
3.0,16345.0
1.0,18688.0
9.0,25078.0
8.0,8923.0
3.0,26091.0
3.0,22976.0
3.0,23690.0
7.0,484.0
8.0,9774.0
1.0,24767.0
4.0,25609.0
1.0,20737.0
6.0,940.0
9.0,18608.0
2.0,14837.0
4.0,27341.0
1.0,8413.0
2.0,16595.0
3.0,15939.0
8.0,25780.0
6.0,5977.0
1.0,22269.0
6.0,7846.0
0.0,6965.0
2.0,5695.0
0.0,100.0
4.0,25626.0
3.0,23411.0
5.0,8981.0
0.0,763.0
3.0,22065.0
6.0,5838.0
7.0,18453.0
6.0,14426.0
6.0,11216.0
1.0,19782.0
5.0,20867.0
1.0,21912.0
9.0,14511.0
4.0,26516.0
6.0,26220.0
7.0,9308.0
5.0,13920.0
9.0,26375.0
4.0,22833.0
3.0,10391.0
6.0,9072.0
8.0,12588.0
7.0,20154.0
6.0,19524.0
9.0,8609.0
0.0,8448.0
0.0,26213.0
3.0,5287.0
6.0,24669.0
0.0,2314.0
9.0,84.0
1.0,26264.0
6.0,27976.0
8.0,14754.0
3.0,15728.0
9.0,13378.0
7.0,8824.0
7.0,22036.0
8.0,26397.0
5.0,2320.0
0.0,20755.0
4.0,16925.0
3.0,6449.0
9.0,4156.0
2.0,21257.0
4.0,19942.0
7.0,9642.0
2.0,23076.0
0.0,8266.0
1.0,2119.0
2.0,24713.0
8.0,19314.0
6.0,17183.0
7.0,12238.0
9.0,5344.0
2.0,12757.0
4.0,6804.0
3.0,9203.0
1.0,13342.0
7.0,2556.0
8.0,17750.0
9.0,20263.0
5.0,26417.0
6.0,15567.0
1.0,7444.0
3.0,27473.0
4.0,1724.0
5.0,6299.0
1.0,20513.0
9.0,23292.0
9.0,16321.0
2.0,1657.0
9.0,26713.0
8.0,11285.0
7.0,20224.0
3.0,5303.0
2.0,17086.0
6.0,3530.0
0.0,11608.0
6.0,10675.0
1.0,21398.0
4.0,4223.0
3.0,1017.0
6.0,19618.0
3.0,9105.0
5.0,19475.0
7.0,2944.0
9.0,24762.0
4.0,762.0
1.0,417.0
2.0,3240.0
5.0,8673.0
8.0,18317.0
3.0,27233.0
8.0,19236.0
3.0,26861.0
8.0,15767.0
1.0,4825.0
2.0,12987.0
0.0,6698.0
4.0,4751.0
4.0,27383.0
3.0,6795.0
7.0,17338.0
4.0,3890.0
5.0,27006.0
6.0,23550.0
8.0,22606.0
3.0,20615.0
6.0,3730.0
4.0,21239.0
2.0,12071.0
1.0,27810.0
2.0,24609.0
1.0,8308.0
0.0,1060.0
2.0,8865.0
9.0,21386.0
2.0,12869.0
3.0,27580.0
1.0,8048.0
7.0,14893.0
0.0,24357.0
3.0,8344.0
6.0,18535.0
9.0,2006.0
3.0,8322.0
5.0,14124.0
6.0,2492.0
3.0,20288.0
3.0,9579.0
8.0,26761.0
3.0,21211.0
5.0,8869.0
6.0,13056.0
2.0,26884.0
2.0,2232.0
5.0,18428.0
8.0,25184.0
9.0,6274.0
3.0,4688.0
5.0,7669.0
8.0,21120.0
3.0,11946.0
2.0,8085.0
6.0,14727.0
6.0,213.0
3.0,17742.0
8.0,7803.0
5.0,23082.0
6.0,20730.0
3.0,3822.0
8.0,18512.0
8.0,25432.0
9.0,9080.0
1.0,26426.0
7.0,24198.0
7.0,18207.0
0.0,18695.0
2.0,12210.0
8.0,1181.0
7.0,27614.0
3.0,6311.0
5.0,26671.0
4.0,3353.0
1.0,22917.0
8.0,22173.0
8.0,19390.0
7.0,12424.0
5.0,4723.0
8.0,8374.0
4.0,7430.0
4.0,15377.0
1.0,3555.0
0.0,23509.0
1.0,3305.0
2.0,4824.0
0.0,7992.0
1.0,7590.0
6.0,7982.0
7.0,19094.0
7.0,25191.0
0.0,18546.0
0.0,18591.0
8.0,14658.0
6.0,17381.0
3.0,6542.0
8.0,18526.0
1.0,12766.0
7.0,9847.0
7.0,25575.0
5.0,25320.0
4.0,11191.0
5.0,4008.0
8.0,24695.0
1.0,10038.0
2.0,25118.0
9.0,25114.0
7.0,25829.0
9.0,15794.0
2.0,4873.0
8.0,24489.0
4.0,12867.0
0.0,25309.0
7.0,19545.0
6.0,8675.0
7.0,3423.0
1.0,12243.0
1.0,8972.0
1.0,11597.0
2.0,25352.0
7.0,12356.0
4.0,21235.0
5.0,16350.0
1.0,1791.0
2.0,24411.0
0.0,7721.0
9.0,23794.0
8.0,18022.0
4.0,11925.0
2.0,21408.0
9.0,2661.0
7.0,13335.0
7.0,17263.0
0.0,4578.0
8.0,12738.0
1.0,21405.0
9.0,734.0
9.0,20184.0
2.0,22127.0
3.0,16391.0
2.0,10111.0
1.0,1719.0
8.0,4984.0
3.0,6730.0
3.0,12036.0
7.0,5243.0
7.0,15918.0
0.0,13449.0
7.0,21307.0
9.0,6727.0
3.0,15506.0
9.0,7233.0
9.0,7819.0
1.0,21.0
0.0,24559.0
0.0,6764.0
2.0,7837.0
2.0,17761.0
4.0,14125.0
0.0,23309.0
3.0,22037.0
9.0,21191.0
0.0,4309.0
3.0,26617.0
8.0,6732.0
8.0,13948.0
7.0,23983.0
0.0,9059.0
6.0,26995.0
6.0,3627.0
4.0,9388.0
6.0,11930.0
4.0,16940.0
9.0,6921.0
1.0,24837.0
3.0,7727.0
2.0,7354.0
9.0,3083.0
2.0,19120.0
8.0,6974.0
5.0,7191.0
2.0,18165.0
3.0,20774.0
4.0,10750.0
6.0,19994.0
9.0,21759.0
8.0,21209.0
2.0,26864.0
2.0,25459.0
8.0,7108.0
1.0,27309.0
4.0,880.0
5.0,26893.0
8.0,21203.0
0.0,22889.0
8.0,353.0
0.0,22487.0
5.0,27432.0
9.0,17515.0
6.0,6305.0
4.0,19470.0
7.0,8691.0
1.0,10121.0
9.0,13383.0
7.0,24764.0
1.0,15322.0
4.0,7053.0
0.0,3186.0
5.0,23062.0
9.0,13340.0
6.0,23188.0
9.0,15382.0
1.0,26635.0
2.0,6031.0
6.0,190.0
1.0,12774.0
1.0,10260.0
9.0,23668.0
3.0,3328.0
5.0,21673.0
7.0,4603.0
6.0,7820.0
1.0,19643.0
8.0,21083.0
3.0,8840.0
5.0,13897.0
7.0,26896.0
9.0,17013.0
2.0,22253.0
2.0,25102.0
5.0,13030.0
7.0,21206.0
9.0,5118.0
4.0,17699.0
9.0,15347.0
7.0,7574.0
0.0,13275.0
1.0,17356.0
3.0,12236.0
1.0,22769.0
6.0,26395.0
9.0,11315.0
3.0,24983.0
3.0,3088.0
0.0,27033.0
6.0,14699.0
8.0,27863.0
2.0,6995.0
8.0,9214.0
9.0,19638.0
4.0,21371.0
0.0,16645.0
0.0,14102.0
9.0,25013.0
7.0,22344.0
8.0,6403.0
7.0,8861.0
8.0,17644.0
6.0,5725.0
4.0,6675.0
0.0,11539.0
7.0,24977.0
6.0,27705.0
7.0,21494.0
8.0,10016.0
3.0,23927.0
8.0,20873.0
6.0,6611.0
1.0,23907.0
0.0,19753.0
1.0,882.0
1.0,19462.0
0.0,11425.0
1.0,19148.0
1.0,13754.0
0.0,23436.0
8.0,4135.0
9.0,7466.0
4.0,25049.0
4.0,16025.0
4.0,6970.0
1.0,13823.0
8.0,329.0
0.0,25671.0
4.0,26197.0
8.0,25680.0
4.0,10353.0
9.0,15528.0
9.0,18002.0
9.0,4529.0
9.0,2390.0
8.0,994.0
5.0,21772.0
8.0,12581.0
0.0,25918.0
4.0,2825.0
2.0,5897.0
6.0,24226.0
7.0,24659.0
1.0,27211.0
7.0,19244.0
6.0,7169.0
0.0,9505.0
8.0,7270.0
0.0,18621.0
1.0,3678.0
6.0,4951.0
4.0,27697.0
9.0,18121.0
1.0,24779.0
6.0,18458.0
3.0,1125.0
8.0,14352.0
1.0,3788.0
7.0,25105.0
8.0,27506.0
9.0,2179.0
3.0,17017.0
8.0,17345.0
6.0,7257.0
7.0,23725.0
9.0,12795.0
4.0,1456.0
7.0,24657.0
2.0,4649.0
1.0,17213.0
4.0,8324.0
0.0,11053.0
8.0,2646.0
9.0,14107.0
0.0,14992.0
1.0,20851.0
1.0,5328.0
5.0,23779.0
2.0,5610.0
7.0,158.0
0.0,2423.0
2.0,14505.0
9.0,24818.0
9.0,5368.0
6.0,14460.0
2.0,15981.0
4.0,24400.0
6.0,27852.0
8.0,3925.0
0.0,26677.0
6.0,22852.0
3.0,17901.0
9.0,20485.0
2.0,14846.0
4.0,22295.0
5.0,20142.0
4.0,1842.0
7.0,19966.0
9.0,22705.0
8.0,26174.0
0.0,24587.0
0.0,17950.0
6.0,18764.0
2.0,4133.0
1.0,269.0
2.0,18582.0
6.0,24419.0
4.0,7662.0
7.0,5686.0
4.0,21884.0
9.0,15455.0
2.0,21758.0
1.0,2940.0
1.0,2853.0
7.0,5822.0
0.0,723.0
1.0,11799.0
9.0,15727.0
9.0,18672.0
4.0,5193.0
2.0,6425.0
2.0,5507.0
6.0,22140.0
1.0,3565.0
4.0,19035.0
5.0,23226.0
1.0,13773.0
1.0,17889.0
4.0,20297.0
4.0,19245.0
6.0,23768.0
4.0,10045.0
0.0,13265.0
2.0,26955.0
9.0,16265.0
0.0,8674.0
8.0,3517.0
6.0,9695.0
6.0,14177.0
8.0,5246.0
1.0,25617.0
1.0,12138.0
2.0,1872.0
7.0,25412.0
9.0,25852.0
9.0,5028.0
0.0,19213.0
7.0,20289.0
0.0,23951.0
7.0,18794.0
4.0,19919.0
1.0,14592.0
4.0,8624.0
7.0,18432.0
7.0,9498.0
2.0,26187.0
1.0,25025.0
5.0,26941.0
0.0,25357.0
0.0,19012.0
3.0,16.0
8.0,23908.0
5.0,11900.0
6.0,8331.0
8.0,9659.0
6.0,18761.0
2.0,1864.0
1.0,24832.0
9.0,10820.0
2.0,15691.0
4.0,17305.0
1.0,879.0
8.0,11851.0
0.0,25272.0
2.0,6353.0
6.0,10486.0
6.0,27613.0
1.0,21635.0
7.0,13830.0
0.0,26149.0
6.0,24155.0
6.0,10083.0
7.0,10919.0
6.0,2082.0
6.0,2683.0
9.0,20075.0
3.0,7349.0
8.0,27460.0
6.0,16680.0
8.0,18210.0
3.0,27168.0
0.0,9794.0
6.0,1049.0
0.0,2285.0
8.0,3418.0
6.0,18284.0
6.0,23045.0
5.0,25714.0
8.0,14398.0
4.0,21286.0
4.0,20648.0
0.0,24405.0
5.0,18875.0
9.0,3491.0
4.0,22407.0
2.0,21669.0
6.0,15073.0
4.0,3202.0
1.0,9378.0
0.0,5608.0
6.0,26257.0
0.0,1002.0
2.0,24742.0
3.0,1592.0
7.0,14169.0
5.0,9649.0
9.0,27641.0
1.0,9183.0
9.0,12487.0
1.0,8154.0
7.0,25001.0
2.0,17576.0
5.0,706.0
8.0,855.0
0.0,19013.0
8.0,21519.0
5.0,2122.0
2.0,6220.0
0.0,133.0
4.0,20256.0
3.0,24599.0
8.0,14245.0
2.0,8687.0
3.0,23313.0
0.0,508.0
4.0,7958.0
9.0,11781.0
7.0,15357.0
6.0,7731.0
4.0,1226.0
5.0,25255.0
8.0,5604.0
0.0,21281.0
6.0,4019.0
8.0,19781.0
1.0,11295.0
1.0,26120.0
8.0,15710.0
0.0,17988.0
2.0,19685.0
0.0,705.0
9.0,14235.0
4.0,8652.0
9.0,9872.0
9.0,10827.0
8.0,149.0
2.0,12837.0
9.0,10725.0
4.0,21841.0
1.0,1077.0
7.0,26396.0
3.0,1343.0
3.0,3615.0
6.0,27913.0
1.0,19432.0
5.0,24593.0
3.0,11686.0
8.0,25278.0
1.0,22720.0
3.0,18216.0
3.0,7849.0
8.0,15695.0
4.0,19103.0
1.0,19303.0
3.0,2481.0
9.0,15476.0
1.0,27425.0
0.0,22952.0
3.0,3274.0
9.0,2915.0
4.0,13491.0
7.0,24970.0
3.0,5096.0
0.0,4923.0
9.0,9952.0
0.0,15112.0
2.0,7321.0
5.0,26097.0
1.0,17789.0
3.0,24279.0
3.0,27493.0
7.0,25073.0
2.0,26804.0
0.0,2263.0
0.0,4959.0
3.0,20165.0
3.0,6510.0
0.0,793.0
3.0,21521.0
5.0,17146.0
7.0,9590.0
8.0,7728.0
2.0,7533.0
9.0,10577.0
4.0,19064.0
8.0,278.0
9.0,8616.0
1.0,20279.0
1.0,21182.0
0.0,5496.0
1.0,1272.0
0.0,3097.0
2.0,13051.0
9.0,23074.0
2.0,21863.0
2.0,26254.0
5.0,37.0
2.0,5269.0
5.0,18323.0
2.0,5278.0
3.0,2860.0
4.0,8784.0
9.0,15273.0
7.0,27274.0
0.0,18644.0
6.0,15345.0
8.0,14390.0
4.0,4227.0
3.0,27177.0
3.0,3210.0
3.0,1930.0
1.0,11650.0
3.0,657.0
0.0,15.0
8.0,24588.0
1.0,23793.0
2.0,19754.0
1.0,9867.0
5.0,14749.0
3.0,13653.0
1.0,9699.0
0.0,9076.0
4.0,11736.0
4.0,15835.0
3.0,315.0
9.0,9023.0
7.0,9479.0
0.0,5966.0
2.0,21459.0
1.0,4064.0
9.0,9977.0
7.0,18182.0
1.0,19603.0
7.0,23564.0
0.0,6846.0
4.0,12863.0
5.0,21464.0
7.0,24756.0
8.0,287.0
6.0,18777.0
3.0,25172.0
3.0,3190.0
7.0,7831.0
2.0,26666.0
8.0,25551.0
1.0,13958.0
4.0,18349.0
4.0,11750.0
4.0,24444.0
6.0,25878.0
9.0,16274.0
4.0,23572.0
6.0,15353.0
8.0,8303.0
1.0,435.0
3.0,4200.0
8.0,15077.0
9.0,23513.0
0.0,9925.0
0.0,3801.0
4.0,11603.0
1.0,9237.0
1.0,6358.0
4.0,7266.0
7.0,23317.0
2.0,27368.0
3.0,1933.0
4.0,7005.0
3.0,20669.0
1.0,26590.0
8.0,10708.0
7.0,19261.0
9.0,9098.0
1.0,20096.0
4.0,2400.0
3.0,5292.0
7.0,13230.0
6.0,6309.0
2.0,8441.0
0.0,10214.0
9.0,6744.0
0.0,10431.0
9.0,1977.0
7.0,3844.0
0.0,1748.0
5.0,23754.0
1.0,27723.0
3.0,18033.0
6.0,22172.0
9.0,26406.0
8.0,7972.0
1.0,19005.0
2.0,7399.0
3.0,3803.0
1.0,14562.0
4.0,25429.0
2.0,5335.0
3.0,20192.0
5.0,20338.0
3.0,9158.0
8.0,18488.0
5.0,27954.0
9.0,27273.0
2.0,3337.0
4.0,7664.0
1.0,18010.0
0.0,13111.0
5.0,2064.0
6.0,18830.0
5.0,11329.0
8.0,23833.0
7.0,15610.0
1.0,6503.0
6.0,5082.0
1.0,15861.0
2.0,3886.0
7.0,26503.0
1.0,18352.0
5.0,26287.0
7.0,16215.0
0.0,14335.0
9.0,12857.0
6.0,6354.0
7.0,10512.0
2.0,15263.0
7.0,16271.0
0.0,26992.0
0.0,24299.0
1.0,6855.0
9.0,14823.0
1.0,14170.0
8.0,23066.0
1.0,19418.0
4.0,4167.0
5.0,18697.0
9.0,5593.0
1.0,12043.0
0.0,1942.0
1.0,19832.0
5.0,4104.0
0.0,19092.0
5.0,4666.0
9.0,20948.0
8.0,15540.0
1.0,14630.0
3.0,16858.0
0.0,11412.0
9.0,14206.0
6.0,24266.0
9.0,21327.0
1.0,6555.0
1.0,20448.0
4.0,19712.0
9.0,19076.0
1.0,6702.0
0.0,25061.0
2.0,10291.0
0.0,24817.0
3.0,5018.0
4.0,7995.0
1.0,27895.0
4.0,12655.0
8.0,19086.0
4.0,18107.0
9.0,22695.0
1.0,16020.0
5.0,12849.0
7.0,4262.0
3.0,2248.0
0.0,10265.0
2.0,4122.0
4.0,26835.0
7.0,1013.0
5.0,1166.0
8.0,1328.0
1.0,6301.0
2.0,16096.0
2.0,20923.0
3.0,7347.0
1.0,5003.0
3.0,18362.0
2.0,17798.0
6.0,12415.0
0.0,18301.0
2.0,2805.0
0.0,5270.0
4.0,13020.0
4.0,2880.0
3.0,9333.0
3.0,27079.0
5.0,9529.0
5.0,1838.0
7.0,19960.0
8.0,4784.0
6.0,9691.0
7.0,19170.0
9.0,2201.0
8.0,14935.0
0.0,14219.0
2.0,18258.0
0.0,21839.0
9.0,9663.0
4.0,16195.0
9.0,11956.0
7.0,15299.0
1.0,3170.0
4.0,18960.0
7.0,10543.0
9.0,19071.0
3.0,22845.0
0.0,19688.0
1.0,7723.0
4.0,3020.0
4.0,14768.0
2.0,11242.0
2.0,7081.0
6.0,8610.0
7.0,3467.0
7.0,20935.0
6.0,12640.0
1.0,26793.0
6.0,22580.0
9.0,24211.0
7.0,2102.0
5.0,6369.0
9.0,13523.0
1.0,21089.0
3.0,26170.0
7.0,5530.0
2.0,27292.0
2.0,18404.0
6.0,12378.0
1.0,19256.0
2.0,2039.0
8.0,16949.0
2.0,9647.0
7.0,903.0
9.0,25186.0
9.0,13803.0
9.0,23861.0
9.0,14399.0
8.0,4560.0
2.0,2925.0
8.0,7706.0
5.0,9029.0
8.0,11985.0
7.0,26491.0
2.0,15549.0
5.0,8980.0
7.0,13664.0
6.0,17556.0
4.0,6243.0
1.0,2465.0
3.0,5347.0
6.0,13154.0
3.0,3543.0
2.0,3944.0
3.0,4953.0
6.0,22559.0
3.0,8428.0
2.0,1277.0
4.0,17240.0
3.0,15917.0
7.0,16081.0
6.0,27921.0
8.0,3175.0
3.0,18037.0
8.0,5274.0
6.0,25601.0
6.0,23184.0
0.0,4752.0
1.0,8819.0
8.0,8249.0
7.0,27799.0
2.0,26037.0
8.0,13452.0
9.0,19779.0
0.0,5985.0
8.0,2888.0
1.0,14119.0
3.0,5163.0
3.0,12836.0
1.0,6826.0
8.0,27147.0
3.0,21255.0
6.0,20988.0
0.0,14635.0
7.0,22792.0
5.0,16685.0
1.0,8755.0
2.0,13147.0
4.0,5811.0
9.0,14457.0
2.0,11280.0
4.0,18822.0
3.0,5890.0
4.0,21372.0
0.0,10297.0
2.0,22908.0
8.0,850.0
4.0,21126.0
2.0,14957.0
1.0,9528.0
5.0,11051.0
9.0,13784.0
3.0,7718.0
9.0,20530.0
5.0,419.0
9.0,24651.0
8.0,11039.0
1.0,14949.0
9.0,27605.0
8.0,24243.0
2.0,20770.0
8.0,9781.0
0.0,17579.0
2.0,1421.0
2.0,20477.0
0.0,22048.0
3.0,4182.0
4.0,2900.0
2.0,22966.0
6.0,17062.0
1.0,12603.0
1.0,26533.0
8.0,9285.0
1.0,17231.0
6.0,11711.0
9.0,15807.0
4.0,21791.0
7.0,23363.0
9.0,6400.0
6.0,5190.0
6.0,20386.0
0.0,20179.0
8.0,1581.0
7.0,12551.0
7.0,26028.0
9.0,2273.0
4.0,12657.0
0.0,3288.0
5.0,3593.0
2.0,18691.0
8.0,1480.0
1.0,25652.0
1.0,16475.0
9.0,1454.0
8.0,15384.0
4.0,6058.0
6.0,12038.0
0.0,22338.0
2.0,15191.0
0.0,4744.0
2.0,6845.0
5.0,25391.0
6.0,6784.0
1.0,10447.0
5.0,2613.0
2.0,19856.0
7.0,14817.0
6.0,25260.0
3.0,13450.0
2.0,27327.0
6.0,1310.0
6.0,4686.0
1.0,16562.0
5.0,1749.0
1.0,24882.0
6.0,21755.0
9.0,5275.0
5.0,19307.0
1.0,3932.0
6.0,10147.0
7.0,12852.0
6.0,24684.0
0.0,3044.0
3.0,24674.0
2.0,1144.0
1.0,14099.0
9.0,20146.0
1.0,23427.0
3.0,13931.0
5.0,11897.0
1.0,15052.0
9.0,8775.0
2.0,6388.0
9.0,10652.0
7.0,15614.0
1.0,17320.0
4.0,13438.0
2.0,12631.0
0.0,13256.0
8.0,19406.0
7.0,2299.0
2.0,19310.0
5.0,14075.0
3.0,16863.0
6.0,12358.0
9.0,9249.0
1.0,7394.0
1.0,19793.0
1.0,12944.0
5.0,4497.0
6.0,14723.0
9.0,15563.0
2.0,15542.0
0.0,23117.0
3.0,15064.0
4.0,258.0
9.0,4501.0
2.0,19648.0
7.0,22255.0
5.0,143.0
5.0,25833.0
7.0,21297.0
9.0,10410.0
7.0,23898.0
7.0,18382.0
2.0,27449.0
3.0,9384.0
3.0,1503.0
3.0,2526.0
2.0,8975.0
7.0,9668.0
9.0,22086.0
8.0,24285.0
9.0,23095.0
2.0,10368.0
6.0,21400.0
4.0,9471.0
8.0,27615.0
6.0,1175.0
5.0,26306.0
1.0,5464.0
7.0,27573.0
6.0,460.0
1.0,16082.0
7.0,27872.0
0.0,2955.0
1.0,634.0
8.0,16503.0
7.0,5750.0
4.0,4443.0
5.0,13083.0
3.0,18680.0
9.0,1239.0
2.0,22426.0
6.0,16579.0
4.0,12889.0
2.0,21406.0
7.0,23361.0
4.0,14537.0
2.0,15890.0
7.0,20079.0
8.0,21548.0
0.0,11045.0
5.0,12557.0
3.0,12484.0
9.0,11606.0
8.0,22933.0
2.0,19949.0
5.0,1028.0
1.0,1746.0
2.0,23078.0
1.0,27503.0
5.0,25572.0
4.0,17511.0
3.0,24131.0
3.0,8114.0
7.0,6258.0
4.0,27017.0
3.0,23230.0
9.0,18703.0
1.0,12386.0
2.0,5940.0
4.0,27911.0
6.0,17986.0
6.0,3036.0
2.0,13412.0
9.0,21976.0
4.0,24203.0
0.0,27371.0
1.0,2794.0
6.0,1279.0
1.0,21272.0
8.0,17061.0
1.0,12544.0
6.0,27796.0
9.0,20151.0
6.0,24066.0
8.0,15716.0
6.0,14383.0
9.0,896.0
0.0,10398.0
7.0,5431.0
9.0,7070.0
8.0,206.0
7.0,22162.0
2.0,26681.0
7.0,11908.0
9.0,6444.0
0.0,13446.0
9.0,13877.0
2.0,6456.0
1.0,1583.0
0.0,16264.0
8.0,6734.0
1.0,18722.0
5.0,20991.0
9.0,1652.0
8.0,2075.0
8.0,12667.0
5.0,24989.0
7.0,978.0
9.0,20093.0
6.0,26840.0
9.0,7119.0
3.0,3068.0
0.0,23787.0
2.0,2758.0
3.0,23373.0
2.0,5825.0
0.0,20254.0
4.0,8039.0
2.0,519.0
8.0,2759.0
9.0,7176.0
6.0,4415.0
2.0,24920.0
7.0,21334.0
7.0,17004.0
9.0,19413.0
8.0,18095.0
4.0,6298.0
9.0,18138.0
7.0,17831.0
9.0,1830.0
3.0,6219.0
0.0,26560.0
4.0,27098.0
7.0,15150.0
1.0,23081.0
4.0,18445.0
3.0,12959.0
2.0,13879.0
2.0,26252.0
9.0,17203.0
9.0,4436.0
2.0,17629.0
9.0,9366.0
2.0,8343.0
7.0,27372.0
7.0,26535.0
5.0,8994.0
5.0,18320.0
5.0,13387.0
0.0,15046.0
1.0,27084.0
1.0,16452.0
0.0,27094.0
6.0,26105.0
6.0,25950.0
4.0,8637.0
8.0,7509.0
9.0,9073.0
6.0,12486.0
3.0,5905.0
9.0,19360.0
1.0,5061.0
8.0,7302.0
9.0,26773.0
2.0,27859.0
3.0,3316.0
9.0,7644.0
4.0,4373.0
1.0,15313.0
3.0,26621.0
0.0,7056.0
6.0,22109.0
3.0,5759.0
8.0,13752.0
1.0,11938.0
4.0,4389.0
5.0,1319.0
4.0,9255.0
3.0,7282.0
8.0,22259.0
1.0,18300.0
5.0,23075.0
4.0,7522.0
2.0,1786.0
1.0,7240.0
4.0,24205.0
7.0,11844.0
3.0,22091.0
6.0,18787.0
9.0,24589.0
7.0,9593.0
4.0,27727.0
3.0,3729.0
7.0,11183.0
3.0,5667.0
5.0,14090.0
7.0,11483.0
2.0,22841.0
6.0,23621.0
5.0,3298.0
3.0,5505.0
5.0,5832.0
1.0,15222.0
2.0,18719.0
8.0,4619.0
4.0,26031.0
3.0,7531.0
0.0,6654.0
1.0,6532.0
7.0,11277.0
0.0,5416.0
3.0,13079.0
1.0,1622.0
0.0,4398.0
1.0,23437.0
3.0,24675.0
0.0,12361.0
4.0,14708.0
2.0,4988.0
0.0,7667.0
8.0,6952.0
3.0,23670.0
1.0,10948.0
1.0,16120.0
7.0,21782.0
2.0,19821.0
8.0,21254.0
7.0,22697.0
1.0,22145.0
7.0,9137.0
0.0,12144.0
3.0,24261.0
7.0,4441.0
6.0,14229.0
9.0,25533.0
2.0,12915.0
9.0,2496.0
0.0,3865.0
0.0,13788.0
1.0,6931.0
7.0,818.0
6.0,22166.0
1.0,7485.0
3.0,17983.0
8.0,10772.0
6.0,19156.0
7.0,12298.0
6.0,25132.0
6.0,4712.0
4.0,4833.0
8.0,6394.0
4.0,26527.0
3.0,23500.0
0.0,6916.0
8.0,10682.0
2.0,14490.0
5.0,4197.0
3.0,492.0
3.0,20875.0
4.0,4931.0
9.0,14181.0
6.0,7945.0
6.0,25283.0
6.0,27889.0
5.0,13986.0
8.0,14510.0
5.0,4466.0
0.0,8635.0
4.0,17155.0
2.0,5384.0
1.0,4306.0
2.0,12848.0
2.0,24492.0
7.0,7965.0
8.0,19766.0
4.0,7645.0
6.0,17507.0
8.0,13385.0
5.0,11304.0
9.0,19752.0
7.0,26309.0
9.0,1474.0
8.0,22907.0
6.0,15460.0
6.0,9504.0
1.0,26683.0
8.0,7543.0
7.0,3319.0
5.0,8490.0
1.0,425.0
7.0,26139.0
4.0,25149.0
8.0,2055.0
9.0,20308.0
4.0,22611.0
5.0,8709.0
6.0,23587.0
3.0,23726.0
8.0,10615.0
1.0,1619.0
2.0,6612.0
3.0,22429.0
7.0,6366.0
6.0,22215.0
8.0,12446.0
4.0,8945.0
0.0,22105.0
5.0,15778.0
2.0,16748.0
9.0,5392.0
3.0,668.0
5.0,18298.0
3.0,2591.0
3.0,17314.0
2.0,24195.0
3.0,136.0
3.0,2500.0
1.0,16777.0
5.0,25849.0
0.0,12312.0
9.0,7044.0
6.0,10573.0
7.0,4099.0
5.0,15547.0
3.0,11441.0
0.0,10994.0
8.0,8788.0
2.0,4663.0
6.0,50.0
6.0,22931.0
2.0,4127.0
2.0,22789.0
9.0,3684.0
0.0,20664.0
8.0,14260.0
2.0,12721.0
6.0,6856.0
2.0,24681.0
7.0,4070.0
4.0,15038.0
1.0,9674.0
9.0,20176.0
6.0,11766.0
1.0,7211.0
6.0,596.0
4.0,15494.0
7.0,146.0
3.0,1088.0
4.0,4240.0
1.0,332.0
9.0,20073.0
0.0,1252.0
5.0,7760.0
1.0,13692.0
5.0,7535.0
6.0,18601.0
0.0,6448.0
8.0,14656.0
2.0,19372.0
1.0,11057.0
5.0,1945.0
0.0,20994.0
6.0,19146.0
3.0,17313.0
0.0,9775.0
3.0,16768.0
1.0,21967.0
1.0,24458.0
9.0,21199.0
9.0,21715.0
1.0,17660.0
2.0,13555.0
0.0,3452.0
5.0,6634.0
0.0,16699.0
3.0,23538.0
4.0,2071.0
0.0,9438.0
7.0,16119.0
1.0,12167.0
1.0,4894.0
6.0,1569.0
6.0,21128.0
4.0,5589.0
4.0,21628.0
9.0,19573.0
3.0,11867.0
9.0,19299.0
6.0,10119.0
9.0,8138.0
0.0,1471.0
7.0,22249.0
1.0,18985.0
4.0,8501.0
2.0,22139.0
6.0,9606.0
1.0,18294.0
5.0,23302.0
8.0,18110.0
1.0,6206.0
7.0,21036.0
1.0,22275.0
5.0,12418.0
3.0,20705.0
4.0,18018.0
6.0,7161.0
8.0,7851.0
1.0,10289.0
7.0,11870.0
3.0,6905.0
2.0,605.0
4.0,11382.0
2.0,15849.0
4.0,912.0
1.0,8930.0
0.0,6234.0
4.0,2747.0
4.0,2531.0
8.0,17206.0
0.0,14167.0
9.0,11292.0
0.0,3023.0
9.0,8224.0
0.0,11591.0
0.0,15910.0
3.0,14104.0
0.0,19943.0
1.0,11919.0
5.0,4848.0
0.0,13512.0
1.0,2508.0
1.0,5480.0
3.0,13932.0
3.0,26077.0
3.0,20608.0
7.0,21579.0
9.0,3464.0
7.0,24775.0
6.0,704.0
2.0,12819.0
9.0,13919.0
4.0,19889.0
2.0,18081.0
6.0,21982.0
1.0,15374.0
4.0,26726.0
4.0,12700.0
7.0,23025.0
2.0,20512.0
6.0,19434.0
0.0,22623.0
8.0,14172.0
8.0,27255.0
8.0,13293.0
2.0,4432.0
6.0,26890.0
0.0,7977.0
6.0,20133.0
5.0,5892.0
4.0,17836.0
5.0,21617.0
2.0,577.0
5.0,16285.0
4.0,5685.0
9.0,6786.0
2.0,7156.0
3.0,11909.0
3.0,27023.0
9.0,8393.0
1.0,6041.0
6.0,14794.0
9.0,23372.0
0.0,19973.0
9.0,13654.0
8.0,22427.0
5.0,15517.0
7.0,905.0
3.0,23450.0
5.0,12754.0
4.0,23625.0
2.0,23784.0
2.0,3498.0
5.0,4304.0
9.0,17385.0
8.0,24201.0
1.0,1128.0
2.0,22776.0
8.0,24536.0
7.0,920.0
6.0,15888.0
1.0,2225.0
0.0,17369.0
1.0,20521.0
4.0,7883.0
8.0,26045.0
6.0,23345.0
8.0,24618.0
0.0,11645.0
7.0,7544.0
8.0,17967.0
5.0,26318.0
9.0,17657.0
7.0,19547.0
2.0,25467.0
3.0,10323.0
5.0,20343.0
2.0,25389.0
4.0,3350.0
0.0,9013.0
7.0,22165.0
2.0,2597.0
8.0,22837.0
8.0,27207.0
1.0,6836.0
1.0,11918.0
9.0,9532.0
9.0,22847.0
1.0,11471.0
4.0,10842.0
3.0,4339.0
8.0,4110.0
4.0,16460.0
1.0,8210.0
3.0,14600.0
6.0,20606.0
4.0,10544.0
1.0,14034.0
7.0,11443.0
3.0,24730.0
8.0,20368.0
9.0,18495.0
4.0,22388.0
3.0,21438.0
1.0,2002.0
1.0,3417.0
1.0,15943.0
4.0,7438.0
1.0,6042.0
9.0,24150.0
8.0,6604.0
4.0,8843.0
7.0,22638.0
0.0,6810.0
9.0,17018.0
2.0,24320.0
8.0,16031.0
4.0,17734.0
3.0,26221.0
2.0,27820.0
4.0,27384.0
3.0,27521.0
8.0,1851.0
7.0,3312.0
0.0,22181.0
4.0,10895.0
2.0,1197.0
1.0,5396.0
5.0,23481.0
5.0,14355.0
2.0,23400.0
4.0,20496.0
0.0,11468.0
1.0,11341.0
3.0,175.0
9.0,6505.0
6.0,26916.0
1.0,17994.0
0.0,4631.0
6.0,5947.0
3.0,10620.0
9.0,13473.0
3.0,2824.0
5.0,2198.0
1.0,8913.0
3.0,16767.0
9.0,16855.0
2.0,2319.0
3.0,16892.0
1.0,3519.0
1.0,8528.0
0.0,26476.0
9.0,5737.0
2.0,6382.0
9.0,21118.0
4.0,20091.0
0.0,8941.0
7.0,9439.0
0.0,8479.0
9.0,6645.0
1.0,15417.0
7.0,16900.0
5.0,24392.0
0.0,21709.0
0.0,4820.0
2.0,1171.0
8.0,21854.0
1.0,12044.0
3.0,12780.0
2.0,8248.0
4.0,23285.0
9.0,7062.0
4.0,6597.0
8.0,5552.0
1.0,15434.0
1.0,6718.0
5.0,789.0
6.0,1482.0
3.0,4794.0
6.0,13993.0
9.0,1439.0
1.0,20350.0
2.0,10926.0
9.0,18067.0
7.0,11142.0
9.0,26098.0
3.0,1057.0
4.0,11322.0
5.0,31.0
7.0,5511.0
4.0,792.0
5.0,6402.0
1.0,10283.0
5.0,2703.0
4.0,11612.0
4.0,16535.0
1.0,10369.0
2.0,2869.0
0.0,2411.0
0.0,24335.0
0.0,1836.0
1.0,22878.0
3.0,13530.0
6.0,7171.0
0.0,18779.0
7.0,5956.0
0.0,27278.0
2.0,15587.0
5.0,11451.0
3.0,9913.0
1.0,17760.0
4.0,10201.0
7.0,1256.0
9.0,17970.0
4.0,7153.0
4.0,23855.0
7.0,4574.0
8.0,8740.0
8.0,7589.0
6.0,25499.0
6.0,21390.0
4.0,26552.0
0.0,22082.0
5.0,25295.0
3.0,27072.0
7.0,13518.0
9.0,26952.0
6.0,5085.0
4.0,19306.0
1.0,26465.0
0.0,11180.0
6.0,8392.0
2.0,7096.0
7.0,24003.0
8.0,3125.0
5.0,16471.0
9.0,25452.0
9.0,13012.0
8.0,18828.0
0.0,9348.0
0.0,5325.0
9.0,991.0
4.0,21752.0
5.0,3838.0
5.0,19098.0
3.0,2057.0
5.0,4096.0
0.0,5244.0
4.0,1927.0
9.0,16629.0
6.0,12242.0
7.0,636.0
3.0,1823.0
6.0,16630.0
5.0,4994.0
0.0,13685.0
7.0,1486.0
8.0,3253.0
8.0,25838.0
4.0,19456.0
4.0,5048.0
7.0,27746.0
1.0,6000.0
7.0,21690.0
7.0,4543.0
2.0,20385.0
3.0,21994.0
9.0,23760.0
9.0,6637.0
4.0,19695.0
6.0,16252.0
0.0,3167.0
0.0,26268.0
7.0,1517.0
6.0,9262.0
7.0,21762.0
8.0,13625.0
4.0,26631.0
1.0,4164.0
7.0,251.0
8.0,14051.0
5.0,26643.0
9.0,19022.0
7.0,2584.0
2.0,25348.0
5.0,25108.0
6.0,24500.0
1.0,15139.0
4.0,2304.0
5.0,7139.0
9.0,3109.0
5.0,14779.0
8.0,14425.0
3.0,2217.0
7.0,12703.0
0.0,22491.0
2.0,2882.0
6.0,26956.0
7.0,16312.0
1.0,23609.0
9.0,14685.0
1.0,21993.0
5.0,25835.0
5.0,20618.0
0.0,20582.0
7.0,15516.0
0.0,23250.0
5.0,5417.0
3.0,13184.0
6.0,11297.0
9.0,18656.0
3.0,25897.0
0.0,2546.0
1.0,7674.0
4.0,17468.0
2.0,24758.0
0.0,5831.0
2.0,25147.0
2.0,14396.0
1.0,20083.0
3.0,15278.0
1.0,5348.0
1.0,17710.0
4.0,18489.0
4.0,7936.0
8.0,3291.0
8.0,10274.0
1.0,21636.0
5.0,25418.0
0.0,17840.0
2.0,16988.0
2.0,9263.0
8.0,5678.0
7.0,1490.0
2.0,5768.0
7.0,12862.0
3.0,26275.0
6.0,8253.0
6.0,4806.0
1.0,3661.0
0.0,10774.0
5.0,17250.0
0.0,3278.0
7.0,22151.0
7.0,4282.0
0.0,3877.0
7.0,26728.0
5.0,24326.0
7.0,11086.0
4.0,933.0
9.0,10211.0
6.0,20977.0
4.0,14452.0
1.0,20772.0
7.0,23556.0
8.0,26936.0
9.0,10153.0
0.0,7290.0
0.0,23089.0
7.0,17104.0
6.0,25817.0
6.0,4362.0
2.0,27714.0
2.0,4361.0
5.0,6216.0
2.0,16456.0
8.0,1745.0
6.0,20437.0
9.0,2736.0
4.0,468.0
2.0,1464.0
3.0,26171.0
9.0,8581.0
9.0,3382.0
5.0,27206.0
6.0,6259.0
3.0,25482.0
0.0,18048.0
3.0,13486.0
8.0,9192.0
0.0,1538.0
6.0,20220.0
9.0,25578.0
3.0,13140.0
2.0,3987.0
1.0,22634.0
3.0,11593.0
0.0,4957.0
4.0,18149.0
3.0,27854.0
3.0,7653.0
0.0,5616.0
5.0,7720.0
1.0,24644.0
2.0,19538.0
1.0,5340.0
7.0,21902.0
5.0,2561.0
8.0,17382.0
1.0,21370.0
9.0,22757.0
1.0,16565.0
5.0,7148.0
8.0,25405.0
2.0,15033.0
3.0,24085.0
6.0,6111.0
4.0,4547.0
4.0,11939.0
3.0,11159.0
3.0,6770.0
0.0,20267.0
4.0,21421.0
6.0,15100.0
4.0,6951.0
2.0,20423.0
8.0,4421.0
5.0,14246.0
1.0,21042.0
4.0,1241.0
2.0,24826.0
2.0,9887.0
9.0,22400.0
4.0,22204.0
0.0,17847.0
7.0,15004.0
5.0,7498.0
5.0,10449.0
1.0,5179.0
1.0,11578.0
0.0,24687.0
0.0,27827.0
4.0,23014.0
8.0,6621.0
4.0,13323.0
2.0,9496.0
3.0,101.0
7.0,6783.0
1.0,25504.0
2.0,941.0
8.0,16014.0
5.0,20110.0
8.0,26602.0
8.0,20990.0
3.0,5559.0
5.0,15440.0
1.0,23589.0
5.0,23715.0
0.0,22993.0
7.0,24124.0
7.0,8284.0
4.0,25148.0
7.0,22342.0
9.0,18953.0
6.0,27254.0
5.0,24385.0
4.0,27080.0
2.0,22696.0
0.0,24029.0
3.0,8802.0
8.0,15227.0
8.0,5930.0
1.0,4204.0
3.0,17691.0
7.0,17495.0
8.0,698.0
7.0,5670.0
3.0,667.0
0.0,18316.0
2.0,9910.0
1.0,7895.0
2.0,1472.0
2.0,15486.0
5.0,22293.0
1.0,2484.0
5.0,7750.0
9.0,11936.0
3.0,4134.0
8.0,26063.0
0.0,1274.0
4.0,23979.0
6.0,3654.0
8.0,5733.0
4.0,4087.0
6.0,24849.0
0.0,19122.0
2.0,14751.0
4.0,18340.0
8.0,9109.0
5.0,2938.0
5.0,9413.0
1.0,7987.0
0.0,21336.0
6.0,15153.0
4.0,5868.0
6.0,3956.0
8.0,10317.0
1.0,23840.0
5.0,16839.0
6.0,20706.0
4.0,255.0
5.0,21655.0
0.0,25756.0
1.0,18662.0
5.0,12197.0
0.0,26611.0
1.0,9687.0
8.0,23441.0
4.0,24228.0
0.0,21049.0
0.0,22899.0
2.0,25871.0
8.0,20514.0
1.0,22794.0
3.0,22008.0
0.0,20311.0
7.0,19460.0
3.0,25646.0
9.0,15011.0
9.0,21805.0
3.0,27284.0
2.0,15904.0
9.0,1938.0
2.0,6508.0
6.0,16267.0
9.0,8364.0
1.0,7253.0
2.0,2547.0
7.0,19985.0
3.0,10328.0
6.0,6197.0
1.0,11429.0
4.0,27013.0
6.0,19348.0
6.0,8850.0
4.0,20292.0
8.0,16833.0
3.0,2776.0
8.0,17049.0
5.0,10430.0
7.0,8795.0
3.0,7538.0
6.0,2786.0
6.0,18283.0
4.0,4681.0
0.0,24259.0
6.0,21877.0
9.0,547.0
8.0,1502.0
9.0,19983.0
8.0,7517.0
1.0,20504.0
9.0,26686.0
5.0,6226.0
6.0,5443.0
1.0,22201.0
1.0,4521.0
8.0,19586.0
4.0,17812.0
0.0,6428.0
2.0,12445.0
7.0,2120.0
1.0,14684.0
3.0,19974.0
5.0,6760.0
2.0,25925.0
5.0,20628.0
1.0,27599.0
2.0,22693.0
0.0,25065.0
8.0,13150.0
0.0,22815.0
2.0,8420.0
8.0,17973.0
2.0,4883.0
0.0,11500.0
9.0,21435.0
1.0,14602.0
6.0,17866.0
0.0,25226.0
8.0,3861.0
4.0,8072.0
6.0,845.0
8.0,24991.0
1.0,2563.0
7.0,8754.0
3.0,17871.0
4.0,25770.0
8.0,17684.0
6.0,7660.0
7.0,3590.0
6.0,24747.0
9.0,18651.0
1.0,17912.0
4.0,18163.0
2.0,2678.0
3.0,22751.0
1.0,4366.0
7.0,17890.0
7.0,17853.0
6.0,6370.0
7.0,19624.0
1.0,10365.0
1.0,19964.0
1.0,3639.0
7.0,9012.0
5.0,17296.0
4.0,21667.0
9.0,9144.0
1.0,21794.0
2.0,21380.0
9.0,16700.0
7.0,5898.0
1.0,16050.0
5.0,9719.0
8.0,21025.0
7.0,5994.0
7.0,8730.0
4.0,27450.0
0.0,16318.0
0.0,22468.0
4.0,142.0
0.0,18211.0
3.0,26377.0
3.0,18935.0
5.0,9575.0
9.0,14459.0
4.0,25129.0
1.0,24607.0
6.0,4647.0
5.0,8357.0
7.0,13943.0
0.0,11060.0
9.0,21003.0
5.0,20347.0
0.0,18820.0
5.0,7078.0
7.0,21021.0
3.0,4846.0
2.0,26791.0
3.0,26032.0
8.0,349.0
9.0,22750.0
5.0,19684.0
2.0,24370.0
6.0,16291.0
0.0,20624.0
5.0,18686.0
9.0,23221.0
8.0,22149.0
4.0,8502.0
8.0,21872.0
1.0,18444.0
6.0,18910.0
9.0,10044.0
3.0,7815.0
1.0,796.0
6.0,10473.0
3.0,22529.0
1.0,22401.0
6.0,1044.0
9.0,20041.0
1.0,731.0
0.0,22932.0
9.0,8081.0
9.0,5009.0
3.0,53.0
6.0,4557.0
4.0,2697.0
9.0,19778.0
6.0,2957.0
5.0,2858.0
9.0,16067.0
7.0,17875.0
8.0,20853.0
9.0,17851.0
2.0,12853.0
3.0,21570.0
1.0,12005.0
2.0,2589.0
8.0,26722.0
9.0,22465.0
9.0,11933.0
1.0,22311.0
6.0,3051.0
1.0,27950.0
0.0,17865.0
8.0,6641.0
4.0,22851.0
3.0,988.0
8.0,22856.0
1.0,23341.0
5.0,9523.0
1.0,12042.0
5.0,13896.0
8.0,16696.0
5.0,15965.0
6.0,23570.0
4.0,6255.0
8.0,10766.0
6.0,19513.0
5.0,7643.0
3.0,14033.0
1.0,18506.0
4.0,25131.0
1.0,8733.0
4.0,23423.0
7.0,3841.0
6.0,7245.0
9.0,19833.0
8.0,7331.0
5.0,12073.0
1.0,11371.0
5.0,15071.0
2.0,26497.0
0.0,22131.0
5.0,3588.0
3.0,5834.0
8.0,1659.0
9.0,18567.0
6.0,7381.0
1.0,16043.0
8.0,8552.0
6.0,23015.0
8.0,7339.0
4.0,383.0
8.0,14860.0
8.0,7681.0
7.0,13271.0
9.0,6704.0
1.0,14714.0
7.0,6757.0
4.0,7122.0
9.0,897.0
6.0,24312.0
0.0,195.0
8.0,25173.0
9.0,999.0
8.0,4261.0
6.0,16093.0
1.0,19069.0
0.0,15844.0
0.0,14836.0
3.0,21074.0
6.0,7262.0
3.0,26810.0
5.0,12619.0
4.0,14674.0
4.0,25171.0
1.0,22996.0
4.0,18739.0
4.0,27194.0
1.0,12804.0
8.0,25421.0
3.0,3563.0
8.0,17455.0
9.0,19505.0
5.0,11261.0
5.0,13070.0
1.0,15216.0
0.0,25051.0
0.0,12037.0
9.0,8291.0
1.0,9093.0
2.0,1263.0
1.0,13234.0
0.0,1747.0
2.0,4199.0
3.0,24258.0
1.0,18379.0
5.0,16693.0
0.0,5208.0
6.0,27881.0
0.0,6173.0
9.0,12683.0
6.0,3303.0
6.0,6943.0
2.0,15533.0
2.0,483.0
7.0,16305.0
1.0,3173.0
4.0,24397.0
3.0,14441.0
4.0,23749.0
0.0,8386.0
8.0,21470.0
4.0,25110.0
5.0,5668.0
9.0,19611.0
2.0,15389.0
4.0,10482.0
1.0,5095.0
9.0,357.0
2.0,25415.0
7.0,16272.0
9.0,9751.0
6.0,23645.0
7.0,17323.0
9.0,3294.0
3.0,26362.0
5.0,593.0
9.0,15149.0
4.0,14618.0
3.0,26827.0
2.0,19763.0
0.0,5519.0
9.0,1206.0
2.0,7650.0
3.0,26837.0
2.0,22586.0
6.0,26078.0
6.0,7518.0
2.0,15745.0
8.0,20855.0
1.0,15576.0
8.0,8450.0
1.0,20199.0
1.0,14972.0
6.0,18391.0
4.0,10415.0
7.0,16006.0
0.0,27181.0
3.0,13630.0
0.0,24388.0
3.0,24918.0
8.0,8442.0
3.0,14074.0
6.0,17993.0
6.0,8352.0
7.0,14470.0
0.0,14926.0
7.0,26173.0
5.0,14809.0
8.0,3084.0
4.0,15825.0
5.0,14653.0
7.0,21477.0
4.0,19563.0
3.0,14898.0
6.0,27832.0
1.0,14633.0
1.0,368.0
2.0,22349.0
9.0,3228.0
5.0,20038.0
5.0,3516.0
3.0,6278.0
3.0,4758.0
0.0,5367.0
8.0,11666.0
5.0,1560.0
6.0,928.0
5.0,12396.0
8.0,24488.0
0.0,6649.0
6.0,23165.0
7.0,18424.0
7.0,11921.0
1.0,20248.0
9.0,25880.0
1.0,10678.0
1.0,16398.0
5.0,25867.0
9.0,9304.0
9.0,13540.0
5.0,9472.0
1.0,12342.0
5.0,12281.0
4.0,317.0
4.0,5109.0
4.0,22370.0
4.0,10364.0
6.0,5817.0
1.0,395.0
4.0,4525.0
9.0,8356.0
3.0,14115.0
9.0,11353.0
9.0,17374.0
2.0,25190.0
2.0,11132.0
2.0,25084.0
2.0,20535.0
2.0,13091.0
1.0,20012.0
1.0,26982.0
2.0,7190.0
6.0,19825.0
1.0,25373.0
8.0,24860.0
6.0,6822.0
2.0,22095.0
1.0,15336.0
0.0,8611.0
7.0,13208.0
2.0,27357.0
7.0,24596.0
8.0,24399.0
9.0,7047.0
2.0,21764.0
1.0,8234.0
5.0,19707.0
4.0,3758.0
4.0,10180.0
3.0,19722.0
4.0,17646.0
7.0,19947.0
4.0,21298.0
7.0,12933.0
8.0,21826.0
0.0,19067.0
2.0,7619.0
2.0,25090.0
0.0,25713.0
4.0,12898.0
1.0,567.0
0.0,20799.0
7.0,16241.0
2.0,7178.0
5.0,22550.0
0.0,23016.0
7.0,14558.0
8.0,3715.0
9.0,938.0
4.0,9238.0
0.0,9424.0
9.0,1655.0
9.0,60.0
3.0,24710.0
6.0,3144.0
3.0,9843.0
6.0,6332.0
2.0,13200.0
0.0,26770.0
1.0,4659.0
1.0,22929.0
6.0,996.0
0.0,18447.0
5.0,18765.0
1.0,24456.0
4.0,443.0
0.0,22368.0
5.0,14720.0
7.0,8499.0
7.0,20059.0
6.0,25322.0
3.0,8208.0
5.0,24091.0
4.0,3444.0
4.0,16890.0
4.0,17405.0
3.0,24561.0
4.0,12524.0
0.0,25665.0
3.0,10095.0
2.0,10601.0
4.0,21649.0
1.0,10213.0
6.0,26945.0
6.0,18855.0
0.0,12132.0
7.0,16453.0
9.0,19468.0
1.0,15768.0
2.0,15255.0
6.0,11614.0
3.0,22158.0
1.0,12061.0
9.0,19723.0
7.0,15632.0
9.0,22924.0
2.0,18620.0
5.0,26685.0
0.0,20965.0
4.0,15306.0
7.0,22247.0
4.0,4085.0
3.0,22345.0
7.0,15853.0
6.0,22869.0
0.0,1209.0
8.0,11574.0
1.0,9055.0
7.0,22890.0
5.0,26772.0
6.0,19421.0
3.0,6077.0
6.0,452.0
3.0,20698.0
5.0,10795.0
9.0,27188.0
9.0,16434.0
0.0,6996.0
6.0,18122.0
0.0,18501.0
3.0,21149.0
2.0,3766.0
6.0,8188.0
2.0,3512.0
9.0,22546.0
3.0,26904.0
3.0,18756.0
4.0,18614.0
6.0,19275.0
0.0,12248.0
8.0,17607.0
3.0,25372.0
7.0,26852.0
1.0,9916.0
6.0,4125.0
7.0,12014.0
0.0,9360.0
1.0,1966.0
7.0,1710.0
9.0,26178.0
4.0,21999.0
4.0,23596.0
2.0,5086.0
2.0,12412.0
8.0,12943.0
4.0,18063.0
5.0,15530.0
1.0,10757.0
4.0,4332.0
9.0,23135.0
8.0,16753.0
4.0,20284.0
3.0,20894.0
4.0,27298.0
8.0,1361.0
2.0,4423.0
9.0,13424.0
3.0,16319.0
8.0,10419.0
8.0,9965.0
7.0,27400.0
8.0,25696.0
7.0,23294.0
6.0,1784.0
7.0,4486.0
3.0,11923.0
6.0,13294.0
4.0,18665.0
7.0,16521.0
7.0,17327.0
5.0,1179.0
5.0,6218.0
3.0,19041.0
0.0,911.0
1.0,14158.0
8.0,18745.0
2.0,23063.0
3.0,3633.0
3.0,27965.0
7.0,11125.0
8.0,7825.0
9.0,9003.0
2.0,3105.0
5.0,19219.0
4.0,14535.0
2.0,17903.0
9.0,20321.0
7.0,2193.0
4.0,2043.0
9.0,4615.0
7.0,10800.0
4.0,1806.0
8.0,10177.0
9.0,5021.0
1.0,8720.0
0.0,26520.0
3.0,13748.0
8.0,2267.0
7.0,24978.0
5.0,1229.0
5.0,24527.0
0.0,23815.0
4.0,11146.0
6.0,23104.0
1.0,6548.0
0.0,14946.0
8.0,27915.0
1.0,21790.0
2.0,27353.0
4.0,10859.0
0.0,19185.0
1.0,174.0
7.0,12007.0
1.0,6556.0
7.0,24514.0
8.0,23956.0
5.0,3009.0
3.0,24565.0
1.0,10896.0
6.0,19471.0
0.0,9039.0
3.0,16529.0
6.0,3726.0
7.0,9281.0
2.0,6959.0
9.0,25509.0
8.0,8810.0
1.0,24417.0
9.0,21532.0
6.0,22387.0
4.0,25461.0
9.0,1743.0
1.0,22540.0
6.0,22479.0
8.0,14615.0
1.0,21520.0
6.0,13852.0
4.0,27433.0
5.0,5650.0
1.0,24407.0
5.0,5931.0
6.0,7608.0
5.0,16415.0
6.0,27556.0
6.0,1051.0
5.0,6713.0
7.0,19668.0
6.0,4617.0
7.0,18454.0
2.0,23463.0
4.0,19208.0
7.0,12654.0
4.0,2101.0
3.0,20682.0
7.0,5329.0
5.0,5054.0
3.0,12545.0
4.0,20842.0
0.0,14192.0
0.0,26314.0
7.0,27382.0
1.0,12489.0
2.0,14691.0
8.0,12066.0
8.0,13092.0
6.0,1265.0
1.0,18042.0
1.0,26082.0
3.0,10628.0
3.0,18125.0
1.0,26545.0
6.0,300.0
4.0,21349.0
8.0,2108.0
1.0,26883.0
0.0,12306.0
7.0,27591.0
3.0,3204.0
1.0,15679.0
6.0,48.0
4.0,13246.0
4.0,1853.0
5.0,8935.0
0.0,25369.0
8.0,23780.0
1.0,66.0
5.0,7117.0
8.0,19498.0
1.0,8906.0
4.0,4608.0
3.0,25840.0
0.0,20879.0
9.0,20826.0
9.0,15879.0
4.0,9975.0
9.0,24273.0
8.0,22891.0
2.0,23799.0
8.0,813.0
7.0,6639.0
5.0,4075.0
5.0,7556.0
8.0,20132.0
3.0,8645.0
3.0,1865.0
9.0,246.0
3.0,27349.0
6.0,17134.0
6.0,19280.0
5.0,7225.0
6.0,18358.0
0.0,26594.0
3.0,12224.0
1.0,4949.0
1.0,12193.0
9.0,2076.0
6.0,2095.0
5.0,16869.0
6.0,24617.0
6.0,7741.0
4.0,4918.0
0.0,11469.0
3.0,12759.0
9.0,1792.0
0.0,2205.0
0.0,23212.0
0.0,23673.0
2.0,19965.0
2.0,12381.0
4.0,24183.0
4.0,10424.0
8.0,2761.0
2.0,15090.0
6.0,17179.0
9.0,8722.0
1.0,25710.0
0.0,27974.0
3.0,2093.0
8.0,20520.0
1.0,27908.0
0.0,27213.0
4.0,2098.0
2.0,4857.0
8.0,8925.0
3.0,8066.0
5.0,21322.0
8.0,8459.0
6.0,2348.0
3.0,18370.0
9.0,2007.0
3.0,11563.0
8.0,7678.0
4.0,14995.0
9.0,12841.0
8.0,5232.0
3.0,20190.0
6.0,7322.0
3.0,26341.0
3.0,21616.0
1.0,9412.0
2.0,25024.0
2.0,6919.0
6.0,8539.0
4.0,9622.0
9.0,19130.0
1.0,20574.0
6.0,11332.0
2.0,25487.0
8.0,27359.0
0.0,7683.0
7.0,21193.0
2.0,2642.0
6.0,340.0
6.0,18892.0
8.0,11363.0
5.0,4393.0
0.0,4063.0
5.0,1773.0
0.0,27420.0
2.0,23360.0
0.0,2713.0
7.0,24606.0
9.0,21412.0
3.0,12860.0
8.0,26050.0
4.0,5513.0
4.0,7582.0
1.0,21564.0
7.0,16208.0
8.0,3128.0
9.0,10916.0
6.0,15790.0
2.0,21809.0
3.0,25038.0
2.0,20945.0
0.0,8271.0
7.0,391.0
4.0,430.0
8.0,13490.0
4.0,18771.0
8.0,1906.0
2.0,4876.0
0.0,21601.0
3.0,1856.0
4.0,9463.0
3.0,26654.0
9.0,17277.0
0.0,22729.0
4.0,1199.0
5.0,6602.0
8.0,4627.0
8.0,7719.0
6.0,8075.0
7.0,24752.0
7.0,26069.0
1.0,2532.0
2.0,5988.0
7.0,523.0
3.0,4840.0
5.0,26192.0
2.0,19872.0
8.0,14416.0
5.0,8451.0
0.0,12662.0
1.0,14484.0
9.0,6176.0
4.0,5150.0
3.0,19138.0
8.0,12113.0
0.0,16101.0
7.0,18460.0
1.0,14842.0
2.0,21148.0
3.0,7355.0
7.0,24322.0
5.0,27544.0
0.0,20395.0
1.0,22177.0
3.0,5967.0
4.0,25055.0
0.0,25965.0
3.0,9213.0
4.0,4046.0
5.0,15781.0
1.0,6624.0
4.0,27906.0
5.0,14415.0
9.0,20699.0
4.0,24641.0
2.0,26806.0
7.0,9962.0
4.0,15761.0
6.0,18104.0
4.0,18617.0
6.0,1692.0
2.0,20802.0
7.0,12569.0
7.0,24839.0
3.0,4551.0
1.0,26866.0
0.0,26119.0
5.0,1460.0
9.0,16862.0
7.0,12216.0
0.0,26518.0
1.0,403.0
1.0,5836.0
0.0,3972.0
1.0,5701.0
2.0,10523.0
4.0,17677.0
1.0,5524.0
3.0,25009.0
3.0,9720.0
6.0,22675.0
3.0,21063.0
2.0,16948.0
0.0,3712.0
3.0,20547.0
6.0,2600.0
1.0,27377.0
7.0,17747.0
8.0,16284.0
4.0,20636.0
7.0,1284.0
4.0,7304.0
2.0,3086.0
2.0,26186.0
3.0,17153.0
1.0,4077.0
1.0,11430.0
2.0,840.0
8.0,1193.0
1.0,13914.0
6.0,10158.0
7.0,8868.0
2.0,2227.0
6.0,16515.0
5.0,23888.0
3.0,15507.0
8.0,23923.0
3.0,10738.0
2.0,23287.0
9.0,18490.0
1.0,19451.0
2.0,24120.0
4.0,6372.0
3.0,2704.0
1.0,19783.0
6.0,26177.0
3.0,20542.0
3.0,10681.0
3.0,23344.0
9.0,12968.0
4.0,24927.0
4.0,1484.0
9.0,1626.0
6.0,3000.0
3.0,8845.0
5.0,6131.0
6.0,3562.0
3.0,7956.0
8.0,7904.0
1.0,14212.0
2.0,10351.0
5.0,13024.0
2.0,16111.0
3.0,16071.0
3.0,25329.0
1.0,2543.0
7.0,21410.0
9.0,12756.0
1.0,1029.0
9.0,27465.0
3.0,22440.0
6.0,17310.0
1.0,21027.0
9.0,16029.0
9.0,18799.0
3.0,15800.0
3.0,24793.0
8.0,23199.0
4.0,819.0
2.0,25631.0
3.0,4084.0
9.0,17819.0
8.0,5440.0
1.0,3840.0
5.0,12070.0
8.0,17197.0
8.0,5600.0
2.0,20141.0
9.0,9594.0
8.0,27504.0
3.0,4831.0
5.0,12192.0
6.0,20944.0
5.0,15653.0
8.0,25821.0
2.0,4586.0
6.0,5943.0
3.0,16396.0
3.0,26674.0
4.0,3622.0
2.0,13758.0
2.0,22625.0
6.0,8991.0
1.0,9617.0
1.0,27347.0
6.0,19020.0
5.0,16169.0
1.0,16942.0
9.0,17383.0
7.0,2275.0
9.0,13448.0
6.0,3361.0
6.0,7367.0
7.0,12728.0
6.0,6412.0
5.0,7030.0
4.0,27162.0
4.0,870.0
9.0,7185.0
9.0,27027.0
4.0,18531.0
2.0,13401.0
5.0,27314.0
3.0,14549.0
8.0,18964.0
0.0,25620.0
3.0,26838.0
5.0,13661.0
0.0,16896.0
2.0,16450.0
0.0,11963.0
4.0,10456.0
7.0,3130.0
6.0,5584.0
1.0,3230.0
1.0,8826.0
3.0,19693.0
4.0,11678.0
9.0,4581.0
2.0,22738.0
2.0,6266.0
8.0,14627.0
9.0,11505.0
6.0,13537.0
2.0,17686.0
1.0,16484.0
2.0,11815.0
1.0,12320.0
3.0,9623.0
6.0,13720.0
8.0,22486.0
2.0,14129.0
7.0,15698.0
3.0,9812.0
1.0,3732.0
8.0,7867.0
4.0,17633.0
8.0,22706.0
8.0,94.0
1.0,7957.0
4.0,4124.0
9.0,24209.0
0.0,25946.0
6.0,24655.0
4.0,14594.0
9.0,10156.0
9.0,14257.0
6.0,20454.0
3.0,6864.0
1.0,724.0
7.0,14834.0
9.0,3836.0
1.0,14792.0
1.0,7647.0
1.0,6908.0
5.0,18463.0
3.0,4380.0
9.0,27418.0
1.0,10975.0
3.0,4542.0
9.0,12929.0
7.0,3441.0
5.0,23153.0
0.0,7094.0
7.0,5405.0
4.0,1958.0
3.0,3927.0
4.0,20559.0
9.0,77.0
5.0,432.0
1.0,11949.0
3.0,27803.0
5.0,22289.0
4.0,2226.0
9.0,3277.0
1.0,14752.0
2.0,26510.0
3.0,23275.0
2.0,18237.0
9.0,21123.0
2.0,26113.0
4.0,17482.0
0.0,8220.0
5.0,859.0
4.0,6373.0
3.0,16432.0
2.0,6325.0
1.0,6707.0
3.0,4426.0
8.0,10824.0
1.0,830.0
3.0,19745.0
2.0,4837.0
9.0,18548.0
3.0,9403.0
0.0,23808.0
7.0,1139.0
5.0,1630.0
2.0,26242.0
9.0,323.0
2.0,19703.0
2.0,19641.0
0.0,22171.0
0.0,23811.0
0.0,12644.0
5.0,26151.0
2.0,8839.0
1.0,27407.0
2.0,20480.0
7.0,23973.0
4.0,17142.0
9.0,21731.0
3.0,26361.0
4.0,4412.0
9.0,16720.0
0.0,3910.0
8.0,5544.0
7.0,9998.0
5.0,10862.0
1.0,12592.0
9.0,13329.0
6.0,11747.0
1.0,5336.0
9.0,10945.0
2.0,8514.0
0.0,24566.0
7.0,3545.0
3.0,14072.0
8.0,51.0
9.0,8721.0
8.0,26310.0
7.0,10245.0
6.0,22528.0
3.0,15214.0
6.0,13087.0
8.0,13095.0
6.0,227.0
1.0,6359.0
2.0,5656.0
3.0,16887.0
4.0,22107.0
5.0,13373.0
6.0,93.0
9.0,25228.0
3.0,23568.0
5.0,6870.0
2.0,22358.0
2.0,13380.0
6.0,3490.0
3.0,4391.0
5.0,14446.0
6.0,16360.0
1.0,2996.0
0.0,17694.0
5.0,9166.0
8.0,18187.0
1.0,17096.0
4.0,2702.0
1.0,5711.0
5.0,21301.0
0.0,21525.0
9.0,18549.0
9.0,8456.0
0.0,17329.0
8.0,22799.0
6.0,24728.0
6.0,5851.0
1.0,16055.0
4.0,4444.0
3.0,3533.0
5.0,27970.0
8.0,4541.0
7.0,15067.0
9.0,11084.0
1.0,26021.0
1.0,4795.0
8.0,5597.0
3.0,4050.0
9.0,16075.0
7.0,374.0
8.0,18280.0
1.0,13081.0
1.0,22119.0
7.0,3963.0
2.0,21981.0
2.0,20777.0
4.0,58.0
0.0,9374.0
0.0,336.0
8.0,13917.0
4.0,14996.0
4.0,19181.0
6.0,13577.0
0.0,1798.0
1.0,19167.0
4.0,20294.0
0.0,5582.0
0.0,3513.0
7.0,21820.0
6.0,2679.0
4.0,3355.0
3.0,19206.0
1.0,2978.0
9.0,21258.0
8.0,21911.0
1.0,8969.0
7.0,23528.0
3.0,24727.0
4.0,18978.0
6.0,18353.0
4.0,7052.0
7.0,17053.0
8.0,2195.0
9.0,5119.0
9.0,16257.0
0.0,1900.0
2.0,4884.0
6.0,7462.0
3.0,3847.0
1.0,24603.0
8.0,11287.0
2.0,6769.0
1.0,12579.0
4.0,25193.0
2.0,9267.0
2.0,26488.0
8.0,20920.0
9.0,21712.0
9.0,3577.0
9.0,14318.0
6.0,4481.0
1.0,18092.0
0.0,23691.0
0.0,22245.0
3.0,10340.0
4.0,23847.0
0.0,4815.0
2.0,7926.0
4.0,18515.0
6.0,18007.0
0.0,17739.0
3.0,12156.0
8.0,26246.0
3.0,7997.0
6.0,10477.0
5.0,16758.0
5.0,11624.0
3.0,13598.0
5.0,18539.0
8.0,24777.0
7.0,1278.0
4.0,18521.0
1.0,24843.0
8.0,17274.0
9.0,24610.0
3.0,22814.0
1.0,12843.0
6.0,7941.0
3.0,27598.0
6.0,11428.0
6.0,26853.0
5.0,7175.0
0.0,26962.0
6.0,24017.0
0.0,21320.0
8.0,22885.0
2.0,23328.0
2.0,12401.0
3.0,15510.0
2.0,22028.0
2.0,2690.0
0.0,24108.0
5.0,17081.0
9.0,10595.0
9.0,11047.0
4.0,17368.0
2.0,25325.0
2.0,6869.0
1.0,14183.0
0.0,4762.0
7.0,18827.0
2.0,27089.0
9.0,12476.0
0.0,21394.0
8.0,8335.0
1.0,13498.0
7.0,10843.0
4.0,27471.0
4.0,12309.0
7.0,8902.0
9.0,1867.0
1.0,2930.0
3.0,19598.0
2.0,14391.0
9.0,619.0
4.0,24073.0
2.0,26351.0
1.0,24012.0
9.0,4279.0
9.0,26716.0
7.0,21317.0
5.0,16416.0
3.0,2688.0
5.0,9678.0
5.0,26675.0
6.0,3680.0
8.0,12781.0
4.0,23446.0
8.0,2851.0
6.0,23198.0
1.0,8121.0
4.0,11519.0
1.0,2395.0
6.0,3595.0
2.0,22567.0
5.0,20707.0
8.0,26074.0
8.0,11312.0
5.0,22877.0
8.0,27078.0
8.0,20820.0
4.0,21516.0
3.0,14753.0
5.0,7127.0
4.0,3646.0
9.0,16686.0
0.0,27421.0
4.0,16323.0
3.0,5411.0
1.0,4017.0
2.0,15058.0
9.0,9543.0
5.0,23488.0
1.0,18536.0
9.0,27637.0
8.0,18743.0
9.0,19699.0
9.0,24745.0
1.0,2106.0
4.0,12422.0
7.0,10116.0
6.0,25988.0
6.0,25677.0
6.0,18687.0
2.0,22708.0
6.0,22734.0
3.0,18852.0
8.0,5518.0
0.0,2368.0
9.0,20499.0
0.0,2158.0
5.0,23502.0
6.0,20667.0
4.0,26400.0
5.0,24724.0
8.0,21869.0
0.0,14550.0
2.0,5506.0
8.0,26123.0
5.0,4475.0
1.0,12295.0
0.0,26012.0
4.0,12761.0
7.0,15042.0
2.0,3236.0
3.0,12594.0
2.0,16632.0
5.0,23751.0
4.0,17720.0
1.0,191.0
8.0,16899.0
3.0,572.0
4.0,6997.0
6.0,421.0
2.0,1340.0
1.0,5769.0
8.0,17416.0
9.0,23989.0
2.0,3706.0
3.0,3227.0
0.0,7864.0
4.0,25837.0
7.0,10025.0
3.0,24704.0
2.0,20885.0
1.0,3413.0
2.0,24955.0
0.0,18430.0
9.0,25912.0
3.0,23732.0
0.0,5444.0
2.0,15644.0
1.0,56.0
6.0,1727.0
7.0,7230.0
5.0,8744.0
7.0,13985.0
1.0,20370.0
0.0,27223.0
4.0,22965.0
3.0,9065.0
0.0,13699.0
7.0,8884.0
3.0,4369.0
1.0,6063.0
7.0,27242.0
9.0,9851.0
7.0,23368.0
0.0,7337.0
0.0,944.0
6.0,22170.0
5.0,8434.0
7.0,8622.0
6.0,12982.0
8.0,22027.0
7.0,379.0
1.0,5017.0
1.0,18818.0
8.0,23251.0
0.0,10724.0
6.0,24751.0
4.0,325.0
1.0,252.0
6.0,13578.0
1.0,27592.0
2.0,19537.0
4.0,27160.0
5.0,18188.0
6.0,14536.0
2.0,26472.0
5.0,8019.0
6.0,11643.0
6.0,5103.0
3.0,16349.0
4.0,15554.0
3.0,16701.0
9.0,27995.0
1.0,2827.0
1.0,14884.0
6.0,6599.0
3.0,4331.0
5.0,17481.0
2.0,14515.0
1.0,23744.0
6.0,13778.0
6.0,6256.0
2.0,22134.0
3.0,10454.0
3.0,12957.0
1.0,13719.0
9.0,1172.0
4.0,16788.0
1.0,1379.0
4.0,6191.0
9.0,1905.0
1.0,22733.0
3.0,5313.0
2.0,10167.0
0.0,21682.0
3.0,18555.0
5.0,18423.0
1.0,10539.0
8.0,18248.0
9.0,9972.0
2.0,15211.0
0.0,161.0
4.0,16654.0
3.0,14499.0
4.0,4732.0
9.0,23971.0
5.0,24104.0
4.0,22986.0
5.0,15228.0
2.0,15571.0
6.0,12058.0
6.0,15645.0
7.0,10103.0
4.0,18551.0
2.0,8005.0
6.0,27212.0
8.0,3283.0
2.0,11664.0
4.0,13157.0
4.0,27684.0
4.0,6554.0
5.0,20795.0
7.0,2008.0
0.0,23800.0
1.0,6633.0
0.0,6535.0
7.0,15556.0
9.0,26402.0
8.0,11504.0
7.0,645.0
4.0,15595.0
0.0,27650.0
6.0,11913.0
0.0,18681.0
1.0,13022.0
0.0,24770.0
2.0,3069.0
8.0,23034.0
5.0,9688.0
8.0,26705.0
3.0,21938.0
5.0,14380.0
9.0,10458.0
6.0,5645.0
9.0,12000.0
7.0,24486.0
2.0,10338.0
4.0,23696.0
9.0,13970.0
1.0,12390.0
4.0,17298.0
3.0,26646.0
3.0,14236.0
9.0,10845.0
4.0,17492.0
0.0,4243.0
3.0,23752.0
3.0,6885.0
6.0,13273.0
8.0,20505.0
5.0,18993.0
3.0,19014.0
0.0,9608.0
2.0,1111.0
8.0,26909.0
9.0,3107.0
9.0,9298.0
7.0,26608.0
4.0,428.0
0.0,20377.0
1.0,11840.0
4.0,17823.0
3.0,15837.0
2.0,15880.0
1.0,20016.0
7.0,14451.0
4.0,17617.0
6.0,18528.0
3.0,2632.0
1.0,2148.0
5.0,13015.0
3.0,19490.0
2.0,7129.0
0.0,530.0
4.0,26802.0
0.0,25182.0
0.0,11048.0
8.0,18597.0
1.0,11604.0
9.0,6582.0
1.0,8604.0
1.0,24153.0
5.0,10507.0
7.0,20436.0
0.0,17117.0
6.0,17816.0
5.0,16698.0
1.0,12859.0
8.0,24037.0
0.0,11891.0
8.0,11637.0
8.0,13673.0
0.0,21094.0
4.0,17097.0
7.0,18186.0
3.0,23976.0
5.0,8290.0
4.0,18498.0
8.0,8447.0
4.0,3449.0
8.0,17131.0
2.0,2096.0
7.0,10123.0
7.0,27600.0
6.0,260.0
6.0,19269.0
9.0,27219.0
1.0,20674.0
8.0,4002.0
0.0,20732.0
8.0,24069.0
5.0,7451.0
4.0,26449.0
9.0,8831.0
0.0,20840.0
5.0,1313.0
3.0,25189.0
3.0,17312.0
9.0,5998.0
2.0,7323.0
9.0,14029.0
0.0,9041.0
6.0,17896.0
0.0,20567.0
0.0,4694.0
6.0,4162.0
7.0,17787.0
7.0,2985.0
2.0,26972.0
5.0,1952.0
4.0,575.0
9.0,15762.0
9.0,24700.0
2.0,8275.0
3.0,1964.0
3.0,14252.0
0.0,5709.0
9.0,18021.0
0.0,10969.0
5.0,26504.0
0.0,17520.0
8.0,2426.0
1.0,12680.0
1.0,17632.0
6.0,15231.0
5.0,16599.0
1.0,2315.0
8.0,19056.0
9.0,2874.0
4.0,5657.0
3.0,15681.0
9.0,19034.0
3.0,10644.0
1.0,1501.0
1.0,17566.0
8.0,23881.0
3.0,14712.0
8.0,22375.0
9.0,7793.0
1.0,14681.0
4.0,20639.0
2.0,13345.0
4.0,11485.0
6.0,25349.0
6.0,239.0
5.0,17574.0
3.0,4174.0
2.0,2920.0
6.0,27390.0
8.0,20975.0
1.0,9551.0
3.0,6479.0
6.0,21273.0
4.0,26938.0
7.0,17979.0
7.0,21630.0
1.0,7134.0
4.0,13268.0
6.0,8212.0
4.0,8751.0
0.0,21275.0
0.0,2746.0
7.0,19553.0
2.0,24877.0
7.0,18196.0
4.0,12726.0
1.0,26781.0
2.0,20089.0
8.0,16085.0
8.0,13058.0
1.0,17324.0
3.0,6302.0
4.0,1168.0
1.0,17748.0
6.0,13046.0
1.0,9829.0
3.0,8771.0
4.0,6371.0
3.0,8509.0
6.0,8305.0
7.0,16327.0
1.0,11420.0
5.0,8588.0
3.0,19673.0
0.0,1801.0
4.0,491.0
0.0,18841.0
2.0,22100.0
3.0,19328.0
3.0,9398.0
5.0,27941.0
7.0,5856.0
9.0,1030.0
9.0,2464.0
7.0,21983.0
9.0,11702.0
5.0,12555.0
5.0,22557.0
8.0,11720.0
2.0,26054.0
6.0,15186.0
5.0,12316.0
9.0,14953.0
0.0,9859.0
6.0,14936.0
4.0,5719.0
2.0,365.0
1.0,7031.0
2.0,25641.0
5.0,8183.0
2.0,13865.0
4.0,4259.0
4.0,19523.0
5.0,19990.0
8.0,8863.0
8.0,8880.0
7.0,3090.0
6.0,8811.0
3.0,8878.0
0.0,25474.0
3.0,1115.0
8.0,8965.0
8.0,6723.0
9.0,15625.0
5.0,22569.0
0.0,22101.0
9.0,12150.0
8.0,24663.0
8.0,17965.0
1.0,7993.0
6.0,12565.0
1.0,8010.0
2.0,26775.0
3.0,120.0
0.0,2407.0
4.0,12388.0
3.0,2092.0
1.0,22553.0
7.0,10803.0
6.0,6297.0
0.0,1976.0
9.0,1972.0
1.0,27931.0
5.0,1529.0
1.0,8780.0
6.0,15765.0
5.0,23491.0
4.0,5590.0
4.0,19837.0
4.0,13071.0
0.0,23011.0
8.0,10610.0
3.0,19295.0
4.0,2211.0
0.0,6116.0
9.0,26749.0
2.0,4457.0
5.0,23254.0
3.0,457.0
8.0,16193.0
2.0,15712.0
3.0,16418.0
8.0,20114.0
7.0,26928.0
9.0,11703.0
8.0,3459.0
2.0,27193.0
0.0,11263.0
5.0,19410.0
9.0,17937.0
6.0,9520.0
8.0,22960.0
8.0,11424.0
4.0,6742.0
0.0,9848.0
4.0,18788.0
0.0,19921.0
9.0,4920.0
1.0,19039.0
7.0,9310.0
1.0,1004.0
7.0,9947.0
3.0,3640.0
0.0,20646.0
3.0,4999.0
6.0,7269.0
6.0,16683.0
0.0,11176.0
6.0,13900.0
9.0,25135.0
7.0,11065.0
8.0,18561.0
6.0,15069.0
7.0,6430.0
1.0,23386.0
0.0,2669.0
2.0,13336.0
9.0,10968.0
8.0,13021.0
4.0,17424.0
6.0,14003.0
1.0,23990.0
6.0,11408.0
1.0,14793.0
0.0,16363.0
1.0,15700.0
2.0,9779.0
4.0,5436.0
0.0,9741.0
2.0,10957.0
6.0,17755.0
8.0,5586.0
4.0,9362.0
1.0,7826.0
1.0,21426.0
7.0,8683.0
9.0,23005.0
0.0,5197.0
3.0,3500.0
4.0,22200.0
2.0,5913.0
1.0,20569.0
8.0,4484.0
9.0,10807.0
4.0,3781.0
4.0,24799.0
1.0,10547.0
0.0,8362.0
0.0,6950.0
9.0,6317.0
5.0,24999.0
8.0,14710.0
7.0,15913.0
8.0,18129.0
8.0,3244.0
8.0,1019.0
2.0,2952.0
8.0,25254.0
1.0,17225.0
4.0,22963.0
0.0,3340.0
5.0,4553.0
2.0,17885.0
9.0,24190.0
0.0,13212.0
8.0,591.0
4.0,12363.0
3.0,6097.0
9.0,5718.0
1.0,6967.0
4.0,24891.0
2.0,26373.0
8.0,20986.0
9.0,7166.0
1.0,18295.0
9.0,9136.0
7.0,8669.0
9.0,5256.0
2.0,23172.0
8.0,12498.0
1.0,22118.0
9.0,4554.0
6.0,7789.0
7.0,17790.0
0.0,16646.0
3.0,20213.0
7.0,2884.0
5.0,18657.0
4.0,19904.0
2.0,26094.0
2.0,2121.0
0.0,26730.0
3.0,2252.0
5.0,1224.0
4.0,3883.0
0.0,22186.0
0.0,10189.0
7.0,4991.0
8.0,16069.0
4.0,872.0
0.0,9121.0
6.0,20971.0
9.0,27842.0
1.0,1866.0
8.0,3750.0
7.0,18781.0
7.0,12080.0
4.0,22974.0
3.0,12163.0
5.0,26691.0
1.0,516.0
6.0,17226.0
9.0,6269.0
7.0,21868.0
1.0,22732.0
3.0,9005.0
8.0,23525.0
2.0,16181.0
9.0,17880.0
7.0,4116.0
8.0,25539.0
6.0,3504.0
2.0,22511.0
5.0,7246.0
2.0,24506.0
9.0,17360.0
0.0,25439.0
7.0,22683.0
7.0,24324.0
3.0,26612.0
8.0,19961.0
4.0,12031.0
7.0,8090.0
0.0,13883.0
3.0,4120.0
8.0,10992.0
9.0,14314.0
2.0,21720.0
3.0,436.0
1.0,21389.0
5.0,27695.0
7.0,26736.0
4.0,17172.0
1.0,10779.0
8.0,22466.0
6.0,21566.0
8.0,20475.0
3.0,23329.0
7.0,13254.0
8.0,3065.0
3.0,24160.0
0.0,12247.0
4.0,1267.0
0.0,9900.0
3.0,497.0
1.0,21725.0
7.0,2850.0
2.0,19075.0
9.0,24139.0
7.0,15551.0
3.0,22896.0
3.0,22704.0
0.0,8505.0
4.0,11496.0
3.0,612.0
8.0,5735.0
3.0,16731.0
7.0,8233.0
0.0,6705.0
0.0,10437.0
2.0,10483.0
2.0,2080.0
8.0,27715.0
7.0,29.0
9.0,23272.0
8.0,27171.0
9.0,4395.0
5.0,8921.0
0.0,12638.0
9.0,19886.0
9.0,1519.0
1.0,13684.0
6.0,11271.0
7.0,3739.0
9.0,2577.0
0.0,26062.0
9.0,25178.0
3.0,22267.0
7.0,7915.0
0.0,10989.0
0.0,23340.0
7.0,20008.0
8.0,337.0
5.0,27903.0
6.0,26633.0
4.0,19154.0
7.0,16602.0
8.0,5830.0
7.0,13188.0
7.0,16551.0
0.0,65.0
1.0,18038.0
7.0,21959.0
4.0,16233.0
4.0,2133.0
6.0,12764.0
3.0,17653.0
7.0,16394.0
7.0,10566.0
6.0,16586.0
9.0,12289.0
8.0,19081.0
5.0,2836.0
3.0,25639.0
4.0,8532.0
9.0,19627.0
3.0,11003.0
7.0,22202.0
3.0,26697.0
9.0,26645.0
1.0,25192.0
5.0,23844.0
6.0,27758.0
9.0,24383.0
0.0,15221.0
1.0,21656.0
4.0,23667.0
9.0,10060.0
9.0,6932.0
8.0,23447.0
9.0,1874.0
0.0,6977.0
2.0,15505.0
6.0,24441.0
7.0,9150.0
9.0,22822.0
5.0,3124.0
5.0,22919.0
8.0,15009.0
6.0,20579.0
2.0,20773.0
6.0,24081.0
1.0,25943.0
0.0,16770.0
7.0,22160.0
8.0,7773.0
3.0,17861.0
0.0,1559.0
1.0,13328.0
9.0,9185.0
5.0,4879.0
5.0,10857.0
0.0,5192.0
6.0,1633.0
5.0,23472.0
2.0,25034.0
6.0,14731.0
0.0,18564.0
3.0,22372.0
9.0,21138.0
7.0,13502.0
7.0,10175.0
7.0,13721.0
8.0,17766.0
2.0,26047.0
3.0,1688.0
6.0,18190.0
6.0,27413.0
3.0,11873.0
6.0,16625.0
0.0,5805.0
3.0,27886.0
7.0,15390.0
2.0,23057.0
3.0,9246.0
1.0,2883.0
2.0,24928.0
3.0,1911.0
4.0,25989.0
7.0,20042.0
9.0,835.0
5.0,13031.0
3.0,901.0
6.0,24886.0
4.0,16443.0
3.0,2768.0
2.0,13487.0
3.0,3784.0
4.0,9104.0
9.0,12776.0
1.0,20459.0
4.0,2634.0
9.0,12389.0
2.0,26720.0
2.0,17596.0
5.0,13893.0
9.0,21058.0
4.0,16172.0
8.0,15083.0
4.0,27249.0
3.0,3775.0
9.0,7510.0
1.0,12604.0
6.0,6175.0
9.0,20310.0
8.0,24140.0
3.0,25995.0
6.0,17606.0
9.0,27459.0
1.0,23130.0
9.0,19458.0
5.0,22519.0
1.0,2982.0
2.0,7051.0
7.0,18174.0
0.0,10294.0
6.0,6381.0
1.0,10776.0
9.0,21928.0
1.0,19233.0
4.0,21870.0
9.0,11066.0
5.0,2967.0
5.0,7771.0
9.0,21894.0
0.0,21292.0
0.0,26283.0
8.0,1946.0
4.0,13421.0
3.0,16626.0
9.0,22668.0
0.0,8411.0
6.0,6743.0
5.0,3824.0
6.0,20411.0
9.0,24894.0
3.0,12302.0
8.0,3701.0
9.0,17303.0
3.0,18698.0
9.0,22767.0
4.0,12101.0
7.0,7888.0
3.0,1736.0
2.0,27630.0
1.0,23893.0
2.0,5866.0
7.0,23857.0
8.0,19597.0
7.0,12897.0
3.0,20111.0
5.0,19898.0
8.0,19690.0
1.0,8632.0
5.0,9236.0
3.0,19937.0
0.0,13068.0
4.0,2587.0
9.0,24246.0
2.0,14844.0
6.0,9858.0
3.0,18612.0
7.0,20088.0
7.0,4061.0
6.0,9326.0
7.0,27350.0
9.0,16254.0
0.0,5350.0
9.0,11122.0
2.0,22575.0
9.0,4745.0
5.0,15709.0
5.0,17982.0
8.0,25063.0
6.0,17471.0
4.0,17869.0
1.0,7046.0
8.0,1656.0
8.0,12308.0
7.0,15360.0
6.0,7075.0
0.0,2392.0
5.0,284.0
3.0,2282.0
3.0,1499.0
5.0,14852.0
6.0,21057.0
2.0,3954.0
1.0,20591.0
8.0,956.0
5.0,12079.0
1.0,13525.0
2.0,22463.0
6.0,23503.0
8.0,23040.0
8.0,9890.0
3.0,14277.0
9.0,9000.0
8.0,2054.0
4.0,9346.0
2.0,19179.0
8.0,15536.0
6.0,971.0
5.0,18890.0
9.0,27083.0
5.0,13132.0
9.0,681.0
1.0,24483.0
2.0,17995.0
5.0,10276.0
9.0,5391.0
3.0,5418.0
0.0,23750.0
2.0,3280.0
0.0,6222.0
4.0,24240.0
2.0,13904.0
4.0,7947.0
4.0,10493.0
7.0,5153.0
3.0,25229.0
1.0,3971.0
3.0,8175.0
5.0,17508.0
0.0,22477.0
7.0,26990.0
5.0,22608.0
4.0,24516.0
7.0,9549.0
3.0,15852.0
0.0,9565.0
4.0,1208.0
3.0,18338.0
5.0,6303.0
8.0,10558.0
2.0,3049.0
4.0,4629.0
4.0,8186.0
4.0,3282.0
3.0,11537.0
7.0,18262.0
6.0,11823.0
8.0,4492.0
9.0,2469.0
3.0,26997.0
2.0,27035.0
8.0,4005.0
1.0,12826.0
6.0,836.0
3.0,6626.0
9.0,3496.0
9.0,12398.0
7.0,26201.0
9.0,13868.0
8.0,13025.0
1.0,4489.0
6.0,17122.0
8.0,23132.0
2.0,4242.0
3.0,27182.0
7.0,3651.0
5.0,7724.0
7.0,458.0
0.0,4026.0
5.0,1918.0
6.0,10362.0
3.0,6717.0
5.0,21704.0
6.0,26959.0
1.0,4540.0
1.0,6699.0
9.0,7209.0
9.0,1386.0
5.0,473.0
3.0,4406.0
5.0,16587.0
9.0,23293.0
4.0,1584.0
0.0,6992.0
6.0,13060.0
7.0,17565.0
6.0,18072.0
5.0,12812.0
3.0,11746.0
8.0,481.0
8.0,12868.0
9.0,6326.0
4.0,22384.0
6.0,10021.0
8.0,26967.0
1.0,21737.0
9.0,17445.0
4.0,15616.0
7.0,20483.0
6.0,2105.0
0.0,18854.0
5.0,4218.0
5.0,15735.0
4.0,25750.0
3.0,7383.0
1.0,6420.0
8.0,2969.0
8.0,24332.0
4.0,25164.0
8.0,16674.0
4.0,18806.0
1.0,10190.0
9.0,1326.0
6.0,22951.0
4.0,6603.0
7.0,25503.0
5.0,17414.0
1.0,19698.0
1.0,3394.0
1.0,22258.0
1.0,3524.0
0.0,26144.0
8.0,9393.0
1.0,10844.0
6.0,10227.0
6.0,2887.0
5.0,10013.0
2.0,20158.0
8.0,316.0
2.0,6551.0
5.0,17435.0
9.0,24148.0
5.0,27855.0
5.0,1848.0
9.0,23350.0
2.0,7154.0
6.0,24683.0
0.0,19484.0
1.0,6032.0
5.0,1668.0
2.0,12481.0
4.0,6513.0
8.0,1104.0
0.0,4265.0
2.0,21152.0
6.0,22331.0
5.0,27364.0
8.0,3529.0
6.0,20653.0
2.0,7497.0
6.0,25044.0
5.0,20979.0
9.0,26433.0
9.0,11833.0
4.0,7348.0
6.0,9841.0
3.0,13277.0
2.0,384.0
7.0,23232.0
7.0,12334.0
1.0,8038.0
4.0,16568.0
2.0,19908.0
6.0,21214.0
9.0,21584.0
4.0,8381.0
9.0,15937.0
1.0,7950.0
8.0,1435.0
9.0,15660.0
2.0,26405.0
9.0,5983.0
9.0,1493.0
1.0,14832.0
5.0,21362.0
8.0,17334.0
0.0,7649.0
4.0,15583.0
7.0,8681.0
5.0,19433.0
3.0,18014.0
3.0,15349.0
4.0,1714.0
5.0,5294.0
6.0,630.0
1.0,24790.0
8.0,20983.0
4.0,13284.0
7.0,556.0
4.0,5312.0
2.0,24265.0
3.0,7580.0
1.0,8021.0
9.0,15696.0
6.0,12350.0
8.0,11298.0
3.0,874.0
9.0,18912.0
6.0,11495.0
9.0,1919.0
9.0,9045.0
4.0,15358.0
1.0,10428.0
5.0,23263.0
2.0,759.0
4.0,26360.0
6.0,7780.0
8.0,22072.0
0.0,24881.0
4.0,11684.0
1.0,9981.0
8.0,3735.0
1.0,7516.0
6.0,27776.0
8.0,6293.0
0.0,1875.0
7.0,27696.0
0.0,21925.0
6.0,21827.0
0.0,7239.0
3.0,9445.0
2.0,11512.0
3.0,273.0
3.0,8732.0
3.0,13065.0
7.0,264.0
8.0,15858.0
5.0,26102.0
3.0,3644.0
0.0,6125.0
1.0,21179.0
0.0,4573.0
9.0,26684.0
0.0,12518.0
1.0,14438.0
1.0,15764.0
1.0,2734.0
0.0,14371.0
6.0,1164.0
0.0,10991.0
6.0,23595.0
9.0,2947.0
9.0,11728.0
1.0,4012.0
0.0,13529.0
2.0,170.0
4.0,8486.0
0.0,7682.0
3.0,19841.0
7.0,18769.0
9.0,21556.0
4.0,9014.0
7.0,17489.0
1.0,23462.0
5.0,26568.0
4.0,13376.0
9.0,9217.0
2.0,5571.0
1.0,5721.0
5.0,6579.0
9.0,25304.0
9.0,5427.0
9.0,26493.0
0.0,21309.0
0.0,110.0
4.0,18467.0
2.0,10646.0
6.0,25138.0
3.0,10536.0
9.0,2442.0
1.0,12575.0
8.0,10002.0
9.0,27767.0
7.0,5995.0
6.0,1962.0
3.0,18758.0
6.0,23397.0
0.0,23701.0
2.0,12267.0
5.0,15754.0
9.0,19454.0
4.0,22148.0
6.0,18068.0
8.0,2742.0
7.0,12107.0
6.0,4337.0
6.0,208.0
3.0,5420.0
1.0,24177.0
8.0,25659.0
4.0,8041.0
7.0,27096.0
2.0,13565.0
9.0,14611.0
9.0,23290.0
7.0,45.0
5.0,15830.0
6.0,7476.0
1.0,14200.0
7.0,26673.0
3.0,8055.0
0.0,7157.0
6.0,350.0
7.0,10500.0
2.0,15266.0
1.0,12269.0
4.0,17990.0
3.0,8245.0
3.0,4978.0
3.0,6015.0
1.0,9487.0
8.0,54.0
0.0,26790.0
5.0,10199.0
6.0,15597.0
3.0,13552.0
0.0,27485.0
3.0,27428.0
0.0,12767.0
4.0,16563.0
4.0,752.0
1.0,17716.0
2.0,19297.0
8.0,22549.0
7.0,22964.0
6.0,1576.0
1.0,7391.0
7.0,26250.0
5.0,24763.0
4.0,8118.0
1.0,757.0
5.0,410.0
5.0,9929.0
6.0,4590.0
9.0,11970.0
9.0,17509.0
9.0,20821.0
8.0,27508.0
0.0,6410.0
5.0,10028.0
0.0,5555.0
1.0,5225.0
2.0,8349.0
9.0,11035.0
4.0,25331.0
5.0,21139.0
6.0,24351.0
8.0,22276.0
7.0,14333.0
7.0,7736.0
8.0,5489.0
2.0,15873.0
9.0,19560.0
1.0,482.0
8.0,6196.0
2.0,26204.0
3.0,26789.0
0.0,22765.0
4.0,12331.0
0.0,1081.0
5.0,10257.0
2.0,22684.0
4.0,9175.0
1.0,13260.0
9.0,281.0
1.0,25179.0
1.0,113.0
0.0,23422.0
3.0,20952.0
2.0,11794.0
1.0,9291.0
1.0,3860.0
7.0,18813.0
5.0,571.0
3.0,8124.0
6.0,4850.0
0.0,12427.0
0.0,14974.0
3.0,4024.0
2.0,20493.0
4.0,20950.0
8.0,15707.0
1.0,11354.0
9.0,8603.0
0.0,14268.0
0.0,8419.0
7.0,22585.0
5.0,9727.0
2.0,4832.0
0.0,230.0
4.0,1625.0
1.0,3871.0
9.0,20534.0
0.0,27091.0
0.0,6129.0
3.0,15842.0
0.0,22068.0
7.0,9907.0
9.0,20264.0
6.0,9885.0
4.0,17419.0
6.0,1839.0
1.0,3728.0
9.0,4563.0
7.0,13270.0
4.0,15706.0
5.0,10786.0
6.0,7199.0
2.0,236.0
3.0,15689.0
5.0,4123.0
4.0,6213.0
9.0,13407.0
5.0,8542.0
8.0,604.0
9.0,24591.0
9.0,17264.0
2.0,9536.0
8.0,27118.0
1.0,27579.0
3.0,27709.0
9.0,8120.0
7.0,7029.0
8.0,19737.0
1.0,19267.0
1.0,14508.0
8.0,16429.0
5.0,713.0
8.0,23635.0
3.0,25737.0
6.0,7742.0
3.0,26692.0
5.0,13608.0
9.0,17393.0
0.0,7671.0
3.0,17193.0
5.0,5497.0
3.0,15340.0
7.0,13447.0
2.0,17898.0
7.0,17487.0
7.0,16325.0
1.0,2375.0
8.0,14825.0
7.0,7919.0
6.0,5580.0
6.0,16062.0
4.0,18085.0
0.0,22584.0
6.0,2347.0
2.0,16497.0
6.0,14166.0
2.0,26647.0
9.0,20712.0
9.0,15469.0
7.0,12950.0
7.0,27379.0
1.0,14554.0
0.0,2397.0
7.0,7293.0
9.0,1568.0
9.0,19404.0
3.0,3714.0
3.0,15952.0
4.0,10509.0
1.0,5242.0
4.0,26573.0
1.0,2879.0
3.0,24980.0
4.0,4726.0
0.0,17528.0
7.0,2394.0
8.0,6088.0
3.0,17421.0
8.0,10205.0
6.0,3380.0
2.0,3568.0
8.0,16716.0
3.0,23382.0
0.0,3055.0
4.0,24354.0
7.0,13217.0
7.0,14031.0
6.0,7755.0
1.0,23106.0
6.0,16078.0
2.0,9057.0
2.0,14179.0
1.0,10624.0
6.0,27261.0
2.0,13793.0
0.0,2302.0
8.0,4724.0
4.0,2724.0
0.0,13181.0
7.0,5186.0
4.0,20023.0
2.0,7620.0
3.0,7279.0
3.0,3218.0
4.0,11129.0
3.0,2586.0
4.0,24296.0
2.0,3898.0
9.0,5775.0
4.0,8467.0
7.0,7869.0
7.0,21920.0
7.0,8190.0
2.0,15998.0
9.0,25740.0
1.0,11301.0
9.0,18281.0
6.0,25612.0
0.0,2822.0
5.0,4185.0
8.0,12186.0
1.0,4212.0
7.0,26444.0
2.0,3375.0
1.0,1711.0
4.0,11525.0
7.0,16258.0
9.0,10181.0
1.0,9605.0
1.0,10231.0
7.0,21634.0
4.0,19881.0
4.0,21843.0
2.0,24090.0
9.0,21282.0
6.0,27952.0
4.0,22034.0
4.0,9465.0
6.0,15319.0
5.0,8731.0
2.0,16057.0
8.0,19727.0
8.0,11202.0
3.0,639.0
3.0,24916.0
2.0,27940.0
3.0,10668.0
3.0,13547.0
7.0,26157.0
6.0,17267.0
5.0,12047.0
4.0,18961.0
0.0,6832.0
5.0,18077.0
7.0,7124.0
9.0,9712.0
1.0,27574.0
9.0,16217.0
0.0,5165.0
9.0,27562.0
7.0,24302.0
0.0,13671.0
8.0,22085.0
6.0,16603.0
1.0,5739.0
7.0,17427.0
9.0,16919.0
8.0,18603.0
0.0,20926.0
1.0,15992.0
4.0,6666.0
0.0,17038.0
5.0,11879.0
7.0,16395.0
1.0,890.0
3.0,25768.0
9.0,8001.0
6.0,11513.0
5.0,16931.0
7.0,6441.0
9.0,25727.0
5.0,5231.0
0.0,22609.0
9.0,21906.0
2.0,10614.0
4.0,6934.0
5.0,9331.0
1.0,14970.0
0.0,2047.0
1.0,2134.0
8.0,25159.0
1.0,15423.0
1.0,20302.0
3.0,22183.0
1.0,10852.0
8.0,8589.0
6.0,4639.0
0.0,21964.0
6.0,3025.0
9.0,23355.0
5.0,15982.0
4.0,10385.0
2.0,22496.0
9.0,18826.0
9.0,27464.0
2.0,23310.0
3.0,5055.0
0.0,12612.0
9.0,4886.0
9.0,21487.0
6.0,10130.0
1.0,19326.0
1.0,3736.0
5.0,23526.0
9.0,15907.0
6.0,15640.0
0.0,21895.0
8.0,27563.0
9.0,21741.0
2.0,21443.0
3.0,1012.0
3.0,16128.0
1.0,10597.0
5.0,11783.0
2.0,11229.0
9.0,15272.0
8.0,8746.0
0.0,8937.0
4.0,7943.0
9.0,20850.0
1.0,27586.0
6.0,10904.0
2.0,10556.0
3.0,19264.0
2.0,3247.0
7.0,12992.0
9.0,15402.0
2.0,27269.0
1.0,3894.0
9.0,5579.0
3.0,21493.0
6.0,19640.0
7.0,6361.0
3.0,10352.0
2.0,13939.0
7.0,19228.0
9.0,18623.0
6.0,18924.0
3.0,27480.0
9.0,14897.0
6.0,25949.0
3.0,11049.0
7.0,6890.0
3.0,4015.0
8.0,313.0
8.0,10938.0
5.0,11600.0
1.0,8429.0
8.0,10173.0
3.0,22589.0
1.0,11275.0
3.0,11402.0
5.0,17249.0
4.0,15678.0
9.0,20788.0
9.0,9737.0
9.0,3506.0
2.0,560.0
9.0,2160.0
9.0,5293.0
4.0,27291.0
9.0,14584.0
8.0,7852.0
0.0,5907.0
9.0,8692.0
0.0,3197.0
2.0,3993.0
4.0,16141.0
1.0,16830.0
7.0,9037.0
9.0,8116.0
4.0,11252.0
7.0,25387.0
5.0,15780.0
4.0,18195.0
1.0,27982.0
8.0,1898.0
1.0,5596.0
8.0,24880.0
1.0,18474.0
2.0,1757.0
8.0,21160.0
3.0,4303.0
0.0,5909.0
2.0,9827.0
5.0,1960.0
7.0,25948.0
6.0,19559.0
4.0,4958.0
9.0,14690.0
3.0,18229.0
9.0,1448.0
3.0,18160.0
0.0,14849.0
2.0,5736.0
2.0,22229.0
6.0,18751.0
5.0,4777.0
7.0,26475.0
6.0,22443.0
8.0,21205.0
9.0,13384.0
7.0,15724.0
0.0,26753.0
6.0,14401.0
6.0,24231.0
2.0,27209.0
9.0,10960.0
7.0,2150.0
5.0,2414.0
0.0,27611.0
1.0,26343.0
9.0,201.0
1.0,9200.0
2.0,27566.0
2.0,18679.0
0.0,6694.0
4.0,23933.0
0.0,6488.0
8.0,9745.0
9.0,19273.0
9.0,3061.0
6.0,12590.0
8.0,12208.0
0.0,20545.0
2.0,17907.0
4.0,3443.0
3.0,17111.0
3.0,9286.0
6.0,17429.0
3.0,26586.0
5.0,14190.0
1.0,2364.0
6.0,14909.0
4.0,22648.0
2.0,4776.0
6.0,7110.0
4.0,8179.0
9.0,13445.0
9.0,3538.0
4.0,12287.0
9.0,24671.0
3.0,21664.0
5.0,27348.0
9.0,13129.0
6.0,26969.0
1.0,4531.0
0.0,11470.0
2.0,15093.0
0.0,6010.0
6.0,5281.0
2.0,27401.0
9.0,6101.0
4.0,502.0
5.0,11701.0
6.0,27427.0
3.0,11009.0
0.0,25854.0
5.0,21002.0
5.0,26509.0
5.0,26662.0
2.0,16825.0
0.0,1163.0
2.0,5148.0
6.0,4737.0
5.0,27871.0
7.0,17698.0
3.0,7255.0
1.0,16491.0
4.0,641.0
3.0,2164.0
2.0,27519.0
8.0,14759.0
7.0,21267.0
8.0,14739.0
3.0,13101.0
3.0,11592.0
0.0,5878.0
8.0,23688.0
7.0,23742.0
4.0,4280.0
9.0,13026.0
1.0,23769.0
2.0,27510.0
6.0,5653.0
5.0,17442.0
8.0,17272.0
2.0,895.0
3.0,5797.0
6.0,6617.0
2.0,11997.0
1.0,7909.0
8.0,3112.0
1.0,3679.0
8.0,3005.0
4.0,17460.0
4.0,10367.0
5.0,3926.0
5.0,11780.0
2.0,16794.0
8.0,9769.0
8.0,19658.0
4.0,7241.0
9.0,15177.0
8.0,7088.0
3.0,13011.0
6.0,23265.0
9.0,11743.0
6.0,25610.0
5.0,10870.0
1.0,25289.0
9.0,3587.0
3.0,10087.0
8.0,25359.0
1.0,17207.0
0.0,23941.0
9.0,15168.0
1.0,18821.0
1.0,10565.0
7.0,10174.0
3.0,20711.0
8.0,16796.0
1.0,9725.0
7.0,3123.0
9.0,3140.0
9.0,1389.0
6.0,3032.0
4.0,25586.0
5.0,18388.0
0.0,15670.0
8.0,26912.0
2.0,16848.0
2.0,5131.0
1.0,15119.0
3.0,19252.0
1.0,18968.0
3.0,24623.0
4.0,6426.0
7.0,1306.0
2.0,21602.0
5.0,607.0
0.0,16276.0
7.0,9474.0
2.0,17266.0
1.0,7548.0
0.0,15596.0
4.0,9785.0
6.0,4405.0
5.0,16993.0
2.0,19230.0
9.0,5037.0
6.0,3401.0
9.0,3857.0
0.0,10529.0
6.0,8336.0
4.0,27938.0
8.0,14980.0
4.0,20943.0
0.0,27936.0
7.0,5027.0
6.0,23756.0
6.0,24339.0
1.0,17412.0
1.0,17434.0
5.0,13370.0
7.0,11544.0
5.0,21492.0
8.0,515.0
4.0,13618.0
9.0,1001.0
1.0,8909.0
1.0,21899.0
2.0,946.0
3.0,8764.0
0.0,18351.0
1.0,20876.0
9.0,2351.0
4.0,19798.0
7.0,19486.0
7.0,9335.0
4.0,19049.0
0.0,24508.0
8.0,3685.0
9.0,13856.0
3.0,4956.0
7.0,13712.0
2.0,14478.0
7.0,4630.0
8.0,18510.0
6.0,25801.0
7.0,20387.0
9.0,2288.0
7.0,16944.0
1.0,4975.0
8.0,4335.0
6.0,12013.0
7.0,13166.0
3.0,1754.0
6.0,10583.0
2.0,3776.0
9.0,3923.0
1.0,6823.0
5.0,18315.0
8.0,7769.0
4.0,25486.0
4.0,15296.0
2.0,23882.0
1.0,18843.0
7.0,20095.0
1.0,14420.0
0.0,25508.0
1.0,9315.0
1.0,14455.0
9.0,14226.0
5.0,14068.0
3.0,15005.0
1.0,20100.0
1.0,21760.0
8.0,10088.0
3.0,17957.0
4.0,27948.0
4.0,17940.0
1.0,10042.0
9.0,20552.0
4.0,10533.0
6.0,24459.0
0.0,12977.0
6.0,9177.0
9.0,11607.0
7.0,26630.0
2.0,7329.0
7.0,2487.0
5.0,1973.0
4.0,7431.0
8.0,24746.0
2.0,9667.0
5.0,3557.0
5.0,16183.0
9.0,13872.0
9.0,9478.0
0.0,6036.0
4.0,2477.0
6.0,24865.0
1.0,26506.0
9.0,8600.0
6.0,25344.0
6.0,21661.0
5.0,2980.0
1.0,23445.0
4.0,6380.0
2.0,8334.0
6.0,23571.0
0.0,27912.0
1.0,20052.0
4.0,17409.0
8.0,21507.0
7.0,24734.0
0.0,4771.0
2.0,16523.0
5.0,10071.0
4.0,21878.0
2.0,9993.0
9.0,2345.0
2.0,4818.0
2.0,5980.0
8.0,11671.0
1.0,21998.0
1.0,20473.0
4.0,6774.0
3.0,3795.0
5.0,8030.0
9.0,14184.0
5.0,25353.0
2.0,12892.0
0.0,3168.0
7.0,13549.0
6.0,18381.0
9.0,9904.0
2.0,21730.0
6.0,8829.0
7.0,15238.0
2.0,7946.0
6.0,27861.0
5.0,9434.0
1.0,5729.0
5.0,8397.0
2.0,15294.0
0.0,5345.0
2.0,18645.0
2.0,24225.0
7.0,6345.0
6.0,21933.0
2.0,3605.0
4.0,3673.0
9.0,4088.0
8.0,12602.0
0.0,490.0
9.0,26284.0
8.0,356.0
1.0,25263.0
7.0,6406.0
7.0,11813.0
3.0,1527.0
9.0,7138.0
7.0,27412.0
4.0,19373.0
1.0,10311.0
5.0,8707.0
7.0,13090.0
0.0,25492.0
1.0,19984.0
6.0,628.0
4.0,16868.0
8.0,26553.0
8.0,3142.0
6.0,7738.0
2.0,19487.0
9.0,26379.0
4.0,18334.0
8.0,1620.0
5.0,22071.0
5.0,7642.0
9.0,1356.0
3.0,25528.0
0.0,18376.0
8.0,1993.0
0.0,9115.0
4.0,4237.0
7.0,24425.0
1.0,19678.0
6.0,25453.0
7.0,24748.0
0.0,2693.0
6.0,17814.0
6.0,1840.0
3.0,1202.0
7.0,6271.0
4.0,5999.0
5.0,18197.0
5.0,25383.0
6.0,1076.0
7.0,22182.0
4.0,10686.0
8.0,8660.0
7.0,24581.0
1.0,22099.0
2.0,21176.0
1.0,10255.0
5.0,21029.0
2.0,1617.0
8.0,10263.0
9.0,19194.0
7.0,26980.0
6.0,2104.0
4.0,24530.0
3.0,11279.0
4.0,23804.0
3.0,5682.0
9.0,26746.0
3.0,4505.0
2.0,21692.0
9.0,9639.0
9.0,15328.0
9.0,21557.0
1.0,22373.0
2.0,864.0
6.0,22011.0
6.0,11757.0
8.0,20061.0
6.0,7499.0
5.0,22132.0
6.0,13209.0
7.0,4624.0
1.0,18942.0
5.0,19567.0
1.0,22591.0
2.0,25643.0
9.0,8223.0
2.0,16236.0
5.0,22570.0
8.0,13347.0
0.0,6631.0
6.0,9218.0
9.0,3082.0
9.0,6592.0
7.0,13162.0
6.0,2565.0
6.0,21383.0
6.0,14879.0
9.0,6268.0
2.0,6208.0
8.0,165.0
2.0,24946.0
6.0,2013.0
0.0,4903.0
7.0,4716.0
5.0,1096.0
4.0,5708.0
2.0,3575.0
1.0,26454.0
8.0,27922.0
8.0,19313.0
2.0,26958.0
9.0,8299.0
8.0,16762.0
1.0,8671.0
6.0,25703.0
6.0,2316.0
9.0,13035.0
6.0,24857.0
4.0,6878.0
3.0,9355.0
2.0,6622.0
9.0,7072.0
8.0,12807.0
2.0,5886.0
3.0,13324.0
2.0,15693.0
0.0,21213.0
7.0,12908.0
9.0,24396.0
1.0,20173.0
7.0,19696.0
9.0,25701.0
8.0,19003.0
4.0,19214.0
6.0,27488.0
1.0,19614.0
5.0,6199.0
1.0,16845.0
6.0,4020.0
9.0,23860.0
3.0,12400.0
6.0,1892.0
7.0,2235.0
4.0,12854.0
1.0,1608.0
7.0,17932.0
2.0,16474.0
5.0,21319.0
7.0,11042.0
0.0,11100.0
8.0,24353.0
8.0,16308.0
7.0,3339.0
7.0,21105.0
1.0,21721.0
6.0,23972.0
4.0,15209.0
7.0,11396.0
6.0,13944.0
3.0,13288.0
9.0,18705.0
6.0,6944.0
0.0,8548.0
0.0,19812.0
2.0,15030.0
3.0,23039.0
8.0,11184.0
1.0,27440.0
7.0,1567.0
9.0,8485.0
3.0,7554.0
8.0,16381.0
8.0,10277.0
2.0,26738.0
6.0,12705.0
4.0,5534.0
9.0,26369.0
0.0,22599.0
6.0,1948.0
8.0,654.0
8.0,3527.0
7.0,16248.0
3.0,3738.0
8.0,27346.0
9.0,15205.0
8.0,22619.0
4.0,6998.0
2.0,15462.0
8.0,22800.0
6.0,8682.0
1.0,7707.0
9.0,23661.0
5.0,6081.0
8.0,6384.0
8.0,24424.0
2.0,25307.0
3.0,6900.0
6.0,5706.0
9.0,12765.0
1.0,3630.0
6.0,23054.0
6.0,12161.0
0.0,20673.0
1.0,9324.0
6.0,25380.0
6.0,27030.0
2.0,18631.0
1.0,20215.0
2.0,3777.0
6.0,8553.0
5.0,8300.0
0.0,24515.0
9.0,4964.0
1.0,21378.0
7.0,1716.0
2.0,2038.0
5.0,5666.0
1.0,15124.0
1.0,11493.0
5.0,163.0
2.0,16835.0
2.0,10805.0
8.0,16951.0
6.0,14814.0
8.0,746.0
8.0,26947.0
1.0,20331.0
9.0,23890.0
8.0,18274.0
3.0,27576.0
9.0,12585.0
3.0,24658.0
1.0,8620.0
5.0,4045.0
2.0,27289.0
2.0,22120.0
3.0,17859.0
6.0,330.0
1.0,1157.0
9.0,11782.0
8.0,4192.0
4.0,13819.0
9.0,27126.0
6.0,7424.0
1.0,23826.0
4.0,9212.0
6.0,338.0
2.0,7929.0
7.0,16938.0
3.0,25214.0
2.0,7960.0
2.0,3043.0
8.0,10598.0
9.0,5167.0
7.0,2188.0
1.0,26649.0
9.0,4400.0
2.0,3624.0
3.0,8004.0
6.0,3772.0
4.0,22021.0
3.0,1332.0
1.0,21479.0
7.0,24518.0
2.0,11286.0
5.0,11165.0
1.0,20043.0
0.0,27883.0
3.0,15672.0
3.0,22228.0
3.0,3889.0
2.0,19792.0
1.0,13874.0
0.0,21418.0
9.0,12117.0
8.0,3013.0
4.0,14954.0
8.0,1880.0
8.0,4440.0
6.0,23036.0
9.0,10728.0
2.0,17893.0
5.0,25127.0
0.0,14025.0
4.0,10235.0
0.0,16967.0
8.0,18537.0
3.0,13272.0
7.0,9387.0
1.0,3813.0
1.0,18212.0
6.0,17791.0
4.0,4707.0
2.0,6464.0
6.0,9501.0
6.0,8567.0
8.0,10567.0
2.0,5543.0
4.0,26478.0
1.0,6541.0
2.0,6799.0
2.0,11521.0
5.0,10315.0
6.0,2344.0
3.0,670.0
2.0,559.0
1.0,12916.0
1.0,19162.0
8.0,27724.0
3.0,17039.0
5.0,8256.0
5.0,25381.0
8.0,10818.0
2.0,16166.0
3.0,16670.0
0.0,463.0
1.0,12467.0
7.0,20090.0
0.0,16901.0
7.0,20661.0
1.0,18586.0
6.0,173.0
5.0,4539.0
4.0,3866.0
9.0,22721.0
7.0,13894.0
2.0,7766.0
5.0,27062.0
2.0,21510.0
4.0,19417.0
4.0,17808.0
6.0,15373.0
4.0,14150.0
1.0,10358.0
5.0,18006.0
1.0,27904.0
7.0,8858.0
1.0,13178.0
0.0,25187.0
3.0,18471.0
9.0,19594.0
8.0,14265.0
4.0,13121.0
5.0,25107.0
3.0,14791.0
7.0,21261.0
4.0,23240.0
3.0,20017.0
0.0,20080.0
3.0,2433.0
3.0,12142.0
5.0,2222.0
8.0,22001.0
1.0,5453.0
1.0,26978.0
8.0,8440.0
8.0,13715.0
0.0,5766.0
7.0,4973.0
7.0,16755.0
5.0,13850.0
9.0,25645.0
8.0,8998.0
1.0,26111.0
9.0,6237.0
4.0,6922.0
1.0,20898.0
1.0,27358.0
0.0,21722.0
6.0,10203.0
5.0,17007.0
0.0,4867.0
0.0,23209.0
0.0,4550.0
1.0,27125.0
4.0,6480.0
9.0,7952.0
2.0,5227.0
7.0,18509.0
7.0,1636.0
7.0,21016.0
0.0,6076.0
2.0,27986.0
0.0,2061.0
6.0,21451.0
9.0,10739.0
3.0,18932.0
0.0,1649.0
0.0,1141.0
5.0,21102.0
3.0,6109.0
6.0,10209.0
4.0,7761.0
5.0,16823.0
3.0,1149.0
0.0,1920.0
1.0,18026.0
4.0,9353.0
1.0,16221.0
7.0,19839.0
1.0,15242.0
4.0,10586.0
3.0,18891.0
0.0,9889.0
5.0,19852.0
2.0,209.0
4.0,15157.0
8.0,4360.0
7.0,214.0
3.0,25553.0
8.0,47.0
4.0,2448.0
1.0,16440.0
4.0,8525.0
5.0,9261.0
7.0,6184.0
9.0,8376.0
0.0,10250.0
3.0,12077.0
8.0,25951.0
9.0,4284.0
9.0,26626.0
5.0,23711.0
5.0,10381.0
3.0,20747.0
4.0,9982.0
6.0,2215.0
4.0,686.0
4.0,17799.0
4.0,3693.0
6.0,23792.0
3.0,27524.0
3.0,26024.0
1.0,5989.0
